{
  "openapi": "3.0.1",
  "info": {
    "title": "ms-investor-business",
    "description": "APIs for uptevia investor business",
    "contact": {},
    "version": "1.0"
  },
  "servers": [
    {
      "url": "http://localhost:8080/ms-investor-business-app/api/v1",
      "description": "local"
    },
    {
      "url": "http://vip-beupi.qual.olisnet.com/ms-investor-business-app/api/v1",
      "description": "recette"
    },
    {
      "url": "http://vip-beupi.preprod.olisnet.com:10010/ms-investor-business-app/api/v1",
      "description": "preprod"
    },
    {
      "url": "http://vip-beupi.olisnet.com:10010/ms-investor-business-app/api/v1",
      "description": "prod"
    }
  ],
  "paths": {
    "/restricted/profile": {
      "get": {
        "description": "Recherche si actionnaire existe dans la table Acti",
        "operationId": "checkActionnaire",
        "parameters": [
          {
            "name": "emetIden",
            "in": "query",
            "description": "Code emetteur",
            "required": true,
            "schema": {
              "type": "integer",
              "format": "int32"
            }
          },
          {
            "name": "actiIden",
            "in": "query",
            "description": "CCN",
            "required": true,
            "schema": {
              "type": "integer",
              "format": "int32"
            }
          },
          {
            "name": "tituNume",
            "in": "query",
            "description": "Rang du titulaire",
            "required": true,
            "schema": {
              "type": "integer",
              "format": "int32"
            }
          }
        ],
        "tags": [
          "actionnaire"
        ],
        "responses": {
          "200": {
            "description": "Un actionnaire a été trouvé pour ces parametres",
            "content": {
              "application/json": {
                "schema": {
                  "$ref": "#/components/schemas/Titulaire"
                }
              }
            }
          },
          "400": {
            "description": "Retour de la procédure stockée incorrect",
            "content": {
              "application/json": {
                "schema": {
                  "$ref": "#/components/schemas/MSExceptionDTO"
                }
              }
            }
          },
          "401": {
            "description": "Utilisateur non autorisé, JWT tokken incorrect",
            "content": {
              "application/json": {
                "schema": {
                  "$ref": "#/components/schemas/MSExceptionDTO"
                }
              }
            }
          },
          "404": {
            "description": "Actionnaire non trouvé pour ces parametres",
            "content": {
              "application/json": {
                "schema": {
                  "$ref": "#/components/schemas/MSExceptionDTO"
                }
              }
            }
          },
          "500": {
            "description": "Erreur d'accès à la requete ou à la base de données",
            "content": {
              "application/json": {
                "schema": {
                  "$ref": "#/components/schemas/MSExceptionDTO"
                }
              }
            }
          }
        }
      }
    },
    "/titulaires": {
      "get": {
        "description": "Recherche si compte existe dans la table compte",
        "operationId": "getComptes",
        "parameters": [
          {
            "name": "login",
            "in": "query",
            "description": "login",
            "required": true,
            "schema": {
              "type": "string"
            }
          }
        ],
        "tags": [
          "actionnaire"
        ],
        "responses": {
          "200": {
            "description": "Un comptes a été trouvé pour ces parametres",
            "content": {
              "application/json": {
                "schema": {
                  "type": "array",
                  "items": {
                    "$ref": "#/components/schemas/Comptes"
                  }
                }
              }
            }
          },
          "400": {
            "description": "Retour de la procédure stockée incorrect",
            "content": {
              "application/json": {
                "schema": {
                  "$ref": "#/components/schemas/MSExceptionDTO"
                }
              }
            }
          },
          "401": {
            "description": "Utilisateur non autorisé, JWT tokken incorrect",
            "content": {
              "application/json": {
                "schema": {
                  "$ref": "#/components/schemas/MSExceptionDTO"
                }
              }
            }
          },
          "404": {
            "description": "Comptes non trouvé pour ces parametres",
            "content": {
              "application/json": {
                "schema": {
                  "$ref": "#/components/schemas/MSExceptionDTO"
                }
              }
            }
          },
          "500": {
            "description": "Erreur d'accès à la requete ou à la base de données",
            "content": {
              "application/json": {
                "schema": {
                  "$ref": "#/components/schemas/MSExceptionDTO"
                }
              }
            }
          }
        }
      }
    },
    "/restricted/titulaire": {
      "get": {
        "description": "Recherche et Retourne le 1er actionnaire ayant ce login",
        "operationId": "getTitulaire",
        "parameters": [
          {
            "name": "login",
            "in": "query",
            "description": "login",
            "required": true,
            "schema": {
              "type": "string"
            }
          }
        ],
        "tags": [
          "actionnaire"
        ],
        "responses": {
          "200": {
            "description": "Un actionnaire a été trouvé pour ces parametres",
            "content": {
              "application/json": {
                "schema": {
                  "$ref": "#/components/schemas/Titulaire"
                }
              }
            }
          },
          "400": {
            "description": "Retour de la procédure stockée incorrect",
            "content": {
              "application/json": {
                "schema": {
                  "$ref": "#/components/schemas/MSExceptionDTO"
                }
              }
            }
          },
          "401": {
            "description": "Utilisateur non autorisé, JWT tokken incorrect",
            "content": {
              "application/json": {
                "schema": {
                  "$ref": "#/components/schemas/MSExceptionDTO"
                }
              }
            }
          },
          "404": {
            "description": "Actionnaire non trouvé pour ces parametres",
            "content": {
              "application/json": {
                "schema": {
                  "$ref": "#/components/schemas/MSExceptionDTO"
                }
              }
            }
          },
          "500": {
            "description": "Erreur d'accès à la requete ou à la base de données",
            "content": {
              "application/json": {
                "schema": {
                  "$ref": "#/components/schemas/MSExceptionDTO"
                }
              }
            }
          }
        }
      }
    },
    "/restricted/actionnaire/mifid-update": {
      "post": {
        "description": "Create a request to update MIFID_NAT_MAJ on schema REGIS",
        "operationId": "updateMifid",
        "requestBody": {
          "content": {
            "application/json": {
              "schema": {
                "$ref": "#/components/schemas/MifidNatMaj"
              }
            }
          }
        },
        "tags": [
          "actionnaire"
        ],
        "responses": {
          "200": {
            "description": "Mise à jour effectuée.",
            "content": {
              "application/json": {
                "schema": {
                  "type": "boolean"
                }
              }
            }
          },
          "400": {
            "description": "Bad request. Mise à jour non effectuée.",
            "content": {
              "application/json": {
                "schema": {
                  "$ref": "#/components/schemas/MSExceptionDTO"
                }
              }
            }
          },
          "409": {
            "description": "Impssible de suavegarder avec ces valeurs ",
            "content": {
              "application/json": {
                "schema": {
                  "$ref": "#/components/schemas/MSExceptionDTO"
                }
              }
            }
          },
          "500": {
            "description": "Erreur d'accès à la requete ou à la base de données",
            "content": {
              "application/json": {
                "schema": {
                  "$ref": "#/components/schemas/MSExceptionDTO"
                }
              }
            }
          }
        }
      }
    },
    "/getTitulaire": {
      "get": {
        "description": "Recherche et Retourne le 1er actionnaire ayant ce login",
        "operationId": "getTitulaireWithToken",
        "tags": [
          "actionnaire"
        ],
        "responses": {
          "200": {
            "description": "Un actionnaire a été trouvé pour ces parametres",
            "content": {
              "application/json": {
                "schema": {
                  "$ref": "#/components/schemas/Titulaire"
                }
              }
            }
          },
          "400": {
            "description": "Retour de la procédure stockée incorrect",
            "content": {
              "application/json": {
                "schema": {
                  "$ref": "#/components/schemas/MSExceptionDTO"
                }
              }
            }
          },
          "401": {
            "description": "Utilisateur non autorisé, JWT tokken incorrect",
            "content": {
              "application/json": {
                "schema": {
                  "$ref": "#/components/schemas/MSExceptionDTO"
                }
              }
            }
          },
          "404": {
            "description": "Actionnaire non trouvé pour ces parametres",
            "content": {
              "application/json": {
                "schema": {
                  "$ref": "#/components/schemas/MSExceptionDTO"
                }
              }
            }
          },
          "500": {
            "description": "Erreur d'accès à la requete ou à la base de données",
            "content": {
              "application/json": {
                "schema": {
                  "$ref": "#/components/schemas/MSExceptionDTO"
                }
              }
            }
          }
        }
      }
    },
    "/titulaire/kyc": {
      "get": {
        "description": "Verifie si le 1ér actionaire de ce login a un KYC complet",
        "operationId": "chekTitulaireKyc",
        "parameters": [
          {
            "name": "login",
            "in": "query",
            "description": "login",
            "required": true,
            "schema": {
              "type": "string"
            }
          }
        ],
        "tags": [
          "actionnaire"
        ],
        "responses": {
          "200": {
            "description": "Statut du KYC",
            "content": {
              "application/json": {
                "schema": {
                  "type": "boolean"
                }
              }
            }
          },
          "400": {
            "description": "Retour de la procédure stockée incorrect",
            "content": {
              "application/json": {
                "schema": {
                  "$ref": "#/components/schemas/MSExceptionDTO"
                }
              }
            }
          },
          "401": {
            "description": "Utilisateur non autorisé, JWT tokken incorrect",
            "content": {
              "application/json": {
                "schema": {
                  "$ref": "#/components/schemas/MSExceptionDTO"
                }
              }
            }
          },
          "404": {
            "description": "Actionnaire non trouvé pour ces parametres",
            "content": {
              "application/json": {
                "schema": {
                  "$ref": "#/components/schemas/MSExceptionDTO"
                }
              }
            }
          },
          "500": {
            "description": "Erreur d'accès à la requete ou à la base de données",
            "content": {
              "application/json": {
                "schema": {
                  "$ref": "#/components/schemas/MSExceptionDTO"
                }
              }
            }
          }
        }
      }
    },
    "/news": {
      "get": {
        "description": "get List of news (actualites) for the connected user",
        "operationId": "getNews",
        "tags": [
          "news"
        ],
        "responses": {
          "200": {
            "description": "Un  message (au moins) de Fil d'actualité a été trouvé pour ces parametres.",
            "content": {
              "application/json": {
                "schema": {
                  "$ref": "#/components/schemas/News"
                }
              }
            }
          },
          "400": {
            "description": "Retour de la procédure stockée incorrect",
            "content": {
              "application/json": {
                "schema": {
                  "$ref": "#/components/schemas/MSExceptionDTO"
                }
              }
            }
          },
          "401": {
            "description": "Utilisateur non autorisé, JWT tokken incorrect",
            "content": {
              "application/json": {
                "schema": {
                  "$ref": "#/components/schemas/MSExceptionDTO"
                }
              }
            }
          },
          "404": {
            "description": "Pas de message trouvé pour ces parametres.",
            "content": {
              "application/json": {
                "schema": {
                  "$ref": "#/components/schemas/MSExceptionDTO"
                }
              }
            }
          },
          "500": {
            "description": "Erreur d'accès à la requete ou à la base de données",
            "content": {
              "application/json": {
                "schema": {
                  "$ref": "#/components/schemas/MSExceptionDTO"
                }
              }
            }
          }
        }
      }
    },
    "/portefeuille/titres": {
      "get": {
        "description": "Pour recuperer les principales categories du portefeuille Titres",
        "operationId": "getPortefeuilleTitres",
        "tags": [
          "portefeuille"
        ],
        "responses": {
          "200": {
            "description": "Liste des titres du portefeuille regroupés par Nature, Valeur, Origines.",
            "content": {
              "application/json": {
                "schema": {
                  "$ref": "#/components/schemas/PortefeuilleTitre"
                }
              }
            }
          },
          "400": {
            "description": "Retour de la procédure stockée incorrect",
            "content": {
              "application/json": {
                "schema": {
                  "$ref": "#/components/schemas/MSExceptionDTO"
                }
              }
            }
          },
          "401": {
            "description": "Utilisateur non autorisé, JWT tokken incorrect",
            "content": {
              "application/json": {
                "schema": {
                  "$ref": "#/components/schemas/MSExceptionDTO"
                }
              }
            }
          },
          "404": {
            "description": "Pas de données pour ces parametres.",
            "content": {
              "application/json": {
                "schema": {
                  "$ref": "#/components/schemas/MSExceptionDTO"
                }
              }
            }
          },
          "500": {
            "description": "Erreur d'accès à la requete ou à la base de données",
            "content": {
              "application/json": {
                "schema": {
                  "$ref": "#/components/schemas/MSExceptionDTO"
                }
              }
            }
          }
        }
      }
    },
    "/positions": {
      "get": {
        "description": "Affiche les positions d'un emetteur",
        "operationId": "getPositions",
        "tags": [
          "positions"
        ],
        "responses": {
          "200": {
            "description": "Positions trouvées pour ces parametres",
            "content": {
              "application/json": {
                "schema": {
                  "$ref": "#/components/schemas/Positions"
                }
              }
            }
          },
          "204": {
            "description": "Aucune ligne trouvée pour ces parametres",
            "content": {
              "application/json": {
                "schema": {
                  "$ref": "#/components/schemas/MSExceptionDTO"
                }
              }
            }
          },
          "400": {
            "description": "Retour de la procédure stockée incorrect",
            "content": {
              "application/json": {
                "schema": {
                  "$ref": "#/components/schemas/MSExceptionDTO"
                }
              }
            }
          },
          "401": {
            "description": "Utilisateur non autorisé, JWT tokken incorrect",
            "content": {
              "application/json": {
                "schema": {
                  "$ref": "#/components/schemas/MSExceptionDTO"
                }
              }
            }
          },
          "404": {
            "description": "API Not found",
            "content": {
              "application/json": {
                "schema": {
                  "$ref": "#/components/schemas/MSExceptionDTO"
                }
              }
            }
          },
          "500": {
            "description": "Erreur d'accès à la requete ou à la base de données",
            "content": {
              "application/json": {
                "schema": {
                  "$ref": "#/components/schemas/MSExceptionDTO"
                }
              }
            }
          }
        }
      }
    },
    "/selfcare/categories": {
      "get": {
        "description": "get categories and sous categories for Faq Forms ",
        "operationId": "getCategories",
        "parameters": [
          {
            "name": "pIndiLogged",
            "in": "query",
            "description": "connecté / non connecté",
            "required": true,
            "schema": {
              "type": "string"
            }
          }
        ],
        "tags": [
          "selfcare"
        ],
        "responses": {
          "200": {
            "description": "une liste des categories et sous categories a été trouvé pour ces parametres",
            "content": {
              "application/json": {
                "schema": {
                  "type": "array",
                  "items": {
                    "$ref": "#/components/schemas/Categories"
                  }
                }
              }
            }
          },
          "400": {
            "description": "Retour de la procédure stockée incorrect",
            "content": {
              "application/json": {
                "schema": {
                  "$ref": "#/components/schemas/MSExceptionDTO"
                }
              }
            }
          },
          "401": {
            "description": "Utilisateur non autorisé, JWT tokken incorrect",
            "content": {
              "application/json": {
                "schema": {
                  "$ref": "#/components/schemas/MSExceptionDTO"
                }
              }
            }
          },
          "404": {
            "description": "Categories non trouvé pour ces parametres",
            "content": {
              "application/json": {
                "schema": {
                  "$ref": "#/components/schemas/MSExceptionDTO"
                }
              }
            }
          },
          "500": {
            "description": "Erreur d'accès à la requete ou à la base de données",
            "content": {
              "application/json": {
                "schema": {
                  "$ref": "#/components/schemas/MSExceptionDTO"
                }
              }
            }
          }
        }
      }
    },
    "/selfcare/demande": {
      "post": {
        "description": "create a request for registration",
        "operationId": "createSelfCare",
        "requestBody": {
          "content": {
            "application/json": {
              "schema": {
                "$ref": "#/components/schemas/Payload"
              }
            }
          }
        },
        "tags": [
          "selfcare"
        ],
        "responses": {
          "201": {
            "description": "une demande est crée"
          },
          "400": {
            "description": "Mauvaise demande. Demande n'est pas crée.",
            "content": {
              "application/json": {
                "schema": {
                  "$ref": "#/components/schemas/MSExceptionDTO"
                }
              }
            }
          },
          "401": {
            "description": "Utilisateur non autorisé, JWT tokken incorrect",
            "content": {
              "application/json": {
                "schema": {
                  "$ref": "#/components/schemas/MSExceptionDTO"
                }
              }
            }
          },
          "500": {
            "description": "Erreur d'accès à la requete ou à la base de données",
            "content": {
              "application/json": {
                "schema": {
                  "$ref": "#/components/schemas/MSExceptionDTO"
                }
              }
            }
          }
        }
      }
    },
    "/restricted/sendMail": {
      "post": {
        "description": "create a request for sending mail on smtp server",
        "operationId": "sendMail",
        "requestBody": {
          "content": {
            "multipart/form-data": {
              "schema": {
                "$ref": "#/components/schemas/EmailDetails"
              }
            }
          }
        },
        "tags": [
          "sendMail"
        ],
        "responses": {
          "201": {
            "description": "un email a été envoyé avec succés",
            "content": {
              "application/json": {
                "schema": {
                  "type": "boolean"
                }
              }
            }
          },
          "400": {
            "description": "Mauvaise demande. Email n'est pas envoyé.",
            "content": {
              "application/json": {
                "schema": {
                  "$ref": "#/components/schemas/MSExceptionDTO"
                }
              }
            }
          },
          "408": {
            "description": "Request Timeout",
            "content": {
              "application/json": {
                "schema": {
                  "$ref": "#/components/schemas/MSExceptionDTO"
                }
              }
            }
          }
        }
      }
    },
    "/operation/closed-days": {
      "get": {
        "description": "Retourne la liste des jours fermés entre 2 dates",
        "operationId": "getClosedDays",
        "parameters": [
          {
            "name": "dateDebut",
            "in": "query",
            "description": "date du Debut",
            "required": true,
            "schema": {
              "type": "string",
              "format": "date",
              "example": "2023-08-25"
            }
          },
          {
            "name": "dateFin",
            "in": "query",
            "description": "date de Fin",
            "required": true,
            "schema": {
              "type": "string",
              "format": "date",
              "example": "2023-10-25"
            }
          }
        ],
        "tags": [
          "operation"
        ],
        "responses": {
          "200": {
            "description": "Liste des dates de fermetures.",
            "content": {
              "application/json": {
                "schema": {
                  "type": "array",
                  "items": {
                    "type": "string",
                    "format": "date",
                    "example": "2023-08-25"
                  }
                }
              }
            }
          },
          "400": {
            "description": "Retour de la procédure stockée incorrect",
            "content": {
              "application/json": {
                "schema": {
                  "$ref": "#/components/schemas/MSExceptionDTO"
                }
              }
            }
          },
          "401": {
            "description": "Utilisateur non autorisé, JWT tokken incorrect",
            "content": {
              "application/json": {
                "schema": {
                  "$ref": "#/components/schemas/MSExceptionDTO"
                }
              }
            }
          },
          "404": {
            "description": "Pas de dates pour ces parametres.",
            "content": {
              "application/json": {
                "schema": {
                  "$ref": "#/components/schemas/MSExceptionDTO"
                }
              }
            }
          },
          "500": {
            "description": "Erreur d'accès à la requete ou à la base de données",
            "content": {
              "application/json": {
                "schema": {
                  "$ref": "#/components/schemas/MSExceptionDTO"
                }
              }
            }
          }
        }
      }
    },
    "/operation/valeur-details": {
      "get": {
        "description": "Retourne des objets contenant les détails d'une valeur",
        "operationId": "getValeurDetails",
        "parameters": [
          {
            "name": "isValeurEtrangere",
            "in": "query",
            "description": "Est-ce une valeur étrangère? O ou 1",
            "required": true,
            "schema": {
              "type": "integer",
              "format": "int32",
              "example": 0
            }
          },
          {
            "name": "valeIden",
            "in": "query",
            "description": "Code de la valeur",
            "required": true,
            "schema": {
              "type": "string",
              "example": "FR0000079477"
            }
          },
          {
            "name": "baremeWeb",
            "in": "query",
            "description": "S'agit-il d'un barème Web? Pour UPI, oui = 'O'",
            "required": true,
            "schema": {
              "type": "string",
              "example": "O"
            }
          },
          {
            "name": "valeNatu",
            "in": "query",
            "description": "Nature du code valeur",
            "required": true,
            "schema": {
              "type": "string",
              "example": "ACTION"
            }
          }
        ],
        "tags": [
          "operation"
        ],
        "responses": {
          "200": {
            "description": "Détails d'une valeur: pas de cotation, barême.",
            "content": {
              "application/json": {
                "schema": {
                  "$ref": "#/components/schemas/ValeurDetail"
                }
              }
            }
          },
          "400": {
            "description": "Retour de la procédure stockée incorrect",
            "content": {
              "application/json": {
                "schema": {
                  "$ref": "#/components/schemas/MSExceptionDTO"
                }
              }
            }
          },
          "401": {
            "description": "Utilisateur non autorisé, JWT tokken incorrect",
            "content": {
              "application/json": {
                "schema": {
                  "$ref": "#/components/schemas/MSExceptionDTO"
                }
              }
            }
          },
          "404": {
            "description": "Pas de données pour ces parametres.",
            "content": {
              "application/json": {
                "schema": {
                  "$ref": "#/components/schemas/MSExceptionDTO"
                }
              }
            }
          },
          "500": {
            "description": "Erreur d'accès à la requete ou à la base de données",
            "content": {
              "application/json": {
                "schema": {
                  "$ref": "#/components/schemas/MSExceptionDTO"
                }
              }
            }
          }
        }
      }
    },
    "/operation/ordre-bourse": {
      "post": {
        "description": "Enregistrer une demande d'Ordre d'Achat ou de Vente pour un ou plusieurs titres.",
        "operationId": "insertOrdreBourse",
        "requestBody": {
          "content": {
            "application/json": {
              "schema": {
                "$ref": "#/components/schemas/OrdreBourse"
              }
            }
          }
        },
        "tags": [
          "operation"
        ],
        "responses": {
          "201": {
            "description": "Un ordre de bourse est créé.",
            "content": {
              "application/json": {
                "schema": {
                  "$ref": "#/components/schemas/OrdreBourseResponse"
                }
              }
            }
          },
          "400": {
            "description": "Mauvaise requete. L'ordre d'achat n'est pas créé.",
            "content": {
              "application/json": {
                "schema": {
                  "$ref": "#/components/schemas/MSExceptionDTO"
                }
              }
            }
          },
          "401": {
            "description": "Utilisateur non autorisé, JWT tokken incorrect",
            "content": {
              "application/json": {
                "schema": {
                  "$ref": "#/components/schemas/MSExceptionDTO"
                }
              }
            }
          },
          "500": {
            "description": "Erreur d'accès à la requete ou à la base de données",
            "content": {
              "application/json": {
                "schema": {
                  "$ref": "#/components/schemas/MSExceptionDTO"
                }
              }
            }
          }
        }
      }
    },
    "/operation/valeurs": {
      "get": {
        "description": "Vérifie si l'actionnaire remplit les conditions pour vendre ou acheter et Retourne les valeurs en précisant celles qui sont cessibles",
        "operationId": "getValeurs",
        "tags": [
          "operation"
        ],
        "responses": {
          "200": {
            "description": "Liste des valeurs",
            "content": {
              "application/json": {
                "schema": {
                  "$ref": "#/components/schemas/OperationPrerequisResponse"
                }
              }
            }
          },
          "400": {
            "description": "Retour de la procédure stockée incorrect",
            "content": {
              "application/json": {
                "schema": {
                  "$ref": "#/components/schemas/MSExceptionDTO"
                }
              }
            }
          },
          "401": {
            "description": "Utilisateur non autorisé, JWT tokken incorrect",
            "content": {
              "application/json": {
                "schema": {
                  "$ref": "#/components/schemas/MSExceptionDTO"
                }
              }
            }
          },
          "404": {
            "description": "Pas de données pour ces parametres.",
            "content": {
              "application/json": {
                "schema": {
                  "$ref": "#/components/schemas/MSExceptionDTO"
                }
              }
            }
          },
          "500": {
            "description": "Erreur d'accès à la requete ou à la base de données",
            "content": {
              "application/json": {
                "schema": {
                  "$ref": "#/components/schemas/MSExceptionDTO"
                }
              }
            }
          }
        }
      }
    },
    "/operation/avoirs-a-vendre": {
      "get": {
        "description": "Pour recupere les lignes d'avoirs à sélectionner pour la vendre",
        "operationId": "getAvoirsAvendre",
        "parameters": [
          {
            "name": "valeIden",
            "in": "query",
            "description": "Code de la valeur",
            "required": true,
            "schema": {
              "type": "string",
              "example": "DEMF00230577"
            }
          }
        ],
        "tags": [
          "operation"
        ],
        "responses": {
          "200": {
            "description": "Liste des lignes d'avoirs à sélectionner regroupees par Restriction Juridique.",
            "content": {
              "application/json": {
                "schema": {
                  "type": "object",
                  "additionalProperties": {
                    "type": "array",
                    "items": {
                      "$ref": "#/components/schemas/LigneAvoirs"
                    }
                  }
                }
              }
            }
          },
          "400": {
            "description": "Retour de la procédure stockée incorrect",
            "content": {
              "application/json": {
                "schema": {
                  "$ref": "#/components/schemas/MSExceptionDTO"
                }
              }
            }
          },
          "401": {
            "description": "Utilisateur non autorisé, JWT tokken incorrect",
            "content": {
              "application/json": {
                "schema": {
                  "$ref": "#/components/schemas/MSExceptionDTO"
                }
              }
            }
          },
          "404": {
            "description": "Pas de données pour ces parametres.",
            "content": {
              "application/json": {
                "schema": {
                  "$ref": "#/components/schemas/MSExceptionDTO"
                }
              }
            }
          },
          "500": {
            "description": "Erreur d'accès à la requete ou à la base de données",
            "content": {
              "application/json": {
                "schema": {
                  "$ref": "#/components/schemas/MSExceptionDTO"
                }
              }
            }
          }
        }
      }
    },
    "/operation/historique": {
      "get": {
        "description": "Retourne l'historique des opérations.",
        "operationId": "getOperationsByActi",
        "tags": [
          "operation"
        ],
        "responses": {
          "200": {
            "description": "Liste des opérations",
            "content": {
              "application/json": {
                "schema": {
                  "type": "array",
                  "items": {
                    "$ref": "#/components/schemas/Operation"
                  }
                }
              }
            }
          },
          "204": {
            "description": "Retour de la procédure stockée incorrect",
            "content": {
              "application/json": {
                "schema": {
                  "$ref": "#/components/schemas/MSExceptionDTO"
                }
              }
            }
          },
          "401": {
            "description": "Utilisateur non autorisé, JWT tokken incorrect",
            "content": {
              "application/json": {
                "schema": {
                  "$ref": "#/components/schemas/MSExceptionDTO"
                }
              }
            }
          },
          "404": {
            "description": "Pas de données pour ces parametres.",
            "content": {
              "application/json": {
                "schema": {
                  "$ref": "#/components/schemas/MSExceptionDTO"
                }
              }
            }
          },
          "500": {
            "description": "Erreur d'accès à la requete ou à la base de données",
            "content": {
              "application/json": {
                "schema": {
                  "$ref": "#/components/schemas/MSExceptionDTO"
                }
              }
            }
          }
        }
      }
    },
    "/files": {
      "get": {
        "description": "Affiche les fichiers pdf d'un actionnaire",
        "operationId": "getFiles",
        "parameters": [
          {
            "name": "docId",
            "in": "query",
            "description": "doID ",
            "required": true,
            "schema": {
              "type": "integer",
              "format": "int32"
            }
          },
          {
            "name": "codeLangue",
            "in": "query",
            "description": " langue doc ",
            "required": true,
            "schema": {
              "type": "string"
            }
          }
        ],
        "tags": [
          "documentation"
        ],
        "responses": {
          "200": {
            "description": "fichiers trouvés pour ces parametres",
            "content": {
              "application/json": {
                "schema": {
                  "type": "array",
                  "items": {
                    "$ref": "#/components/schemas/File"
                  }
                }
              }
            }
          },
          "400": {
            "description": "Retour de la procédure stockée incorrect",
            "content": {
              "application/json": {
                "schema": {
                  "$ref": "#/components/schemas/MSExceptionDTO"
                }
              }
            }
          },
          "401": {
            "description": "Utilisateur non autorisé, JWT tokken incorrect",
            "content": {
              "application/json": {
                "schema": {
                  "$ref": "#/components/schemas/MSExceptionDTO"
                }
              }
            }
          },
          "404": {
            "description": "Fichiers non trouvé pour ces parametres",
            "content": {
              "application/json": {
                "schema": {
                  "$ref": "#/components/schemas/MSExceptionDTO"
                }
              }
            }
          },
          "500": {
            "description": "Erreur d'accès à la requete ou à la base de données",
            "content": {
              "application/json": {
                "schema": {
                  "$ref": "#/components/schemas/MSExceptionDTO"
                }
              }
            }
          }
        }
      }
    },
    "/typeDocument": {
      "get": {
        "description": "Affiche le type du document et les details",
        "operationId": "getTypeDocument",
        "tags": [
          "documentation"
        ],
        "responses": {
          "200": {
            "description": "informations trouvées pour ces parametres",
            "content": {
              "application/json": {
                "schema": {
                  "type": "array",
                  "items": {
                    "$ref": "#/components/schemas/TypeDocuments"
                  }
                }
              }
            }
          },
          "400": {
            "description": "Retour de la procédure stockée incorrect",
            "content": {
              "application/json": {
                "schema": {
                  "$ref": "#/components/schemas/MSExceptionDTO"
                }
              }
            }
          },
          "401": {
            "description": "Utilisateur non autorisé, JWT tokken incorrect",
            "content": {
              "application/json": {
                "schema": {
                  "$ref": "#/components/schemas/MSExceptionDTO"
                }
              }
            }
          },
          "404": {
            "description": "Fichiers non trouvé pour ces parametres",
            "content": {
              "application/json": {
                "schema": {
                  "$ref": "#/components/schemas/MSExceptionDTO"
                }
              }
            }
          },
          "500": {
            "description": "Erreur d'accès à la requete ou à la base de données",
            "content": {
              "application/json": {
                "schema": {
                  "$ref": "#/components/schemas/MSExceptionDTO"
                }
              }
            }
          }
        }
      }
    },
    "/paysSepa": {
      "get": {
        "description": "return la liste des pays autorisé a modifié leur données bancaire ",
        "operationId": "getPaysSepa",
        "parameters": [
          {
            "name": "emetIden",
            "in": "query",
            "description": "Code Emetteur ",
            "required": true,
            "schema": {
              "type": "integer",
              "format": "int32"
            }
          },
          {
            "name": "paramName",
            "in": "query",
            "description": "nom du parameter",
            "required": true,
            "schema": {
              "type": "string"
            }
          }
        ],
        "tags": [
          "actionnaire"
        ],
        "responses": {
          "200": {
            "description": "une liste des pays a été trouvé pour ce emetteur",
            "content": {
              "application/json": {
                "schema": {
                  "$ref": "#/components/schemas/PaysSefa"
                }
              }
            }
          },
          "400": {
            "description": "Retour de la procédure stockée incorrect",
            "content": {
              "application/json": {
                "schema": {
                  "$ref": "#/components/schemas/MSExceptionDTO"
                }
              }
            }
          },
          "401": {
            "description": "Utilisateur non autorisé, JWT tokken incorrect",
            "content": {
              "application/json": {
                "schema": {
                  "$ref": "#/components/schemas/MSExceptionDTO"
                }
              }
            }
          },
          "404": {
            "description": "parametrage non trouvé pour ces parametres",
            "content": {
              "application/json": {
                "schema": {
                  "$ref": "#/components/schemas/MSExceptionDTO"
                }
              }
            }
          },
          "500": {
            "description": "Erreur d'accès à la requete ou à la base de données",
            "content": {
              "application/json": {
                "schema": {
                  "$ref": "#/components/schemas/MSExceptionDTO"
                }
              }
            }
          }
        }
      }
    },
    "/codeiso2": {
      "get": {
        "description": "Affiche les codeiso2 des pays SEPA ",
        "operationId": "getCodeiso2",
        "parameters": [
          {
            "name": "paysIden",
            "in": "query",
            "description": "Langue iso3 du document",
            "required": true,
            "schema": {
              "type": "string"
            }
          },
          {
            "name": "codeLangue",
            "in": "query",
            "description": "langue du document",
            "required": false,
            "schema": {
              "type": "string"
            }
          }
        ],
        "tags": [
          "actionnaire"
        ],
        "responses": {
          "200": {
            "description": "Codeiso2 trouvés pour ces parametres",
            "content": {
              "application/json": {
                "schema": {
                  "$ref": "#/components/schemas/Codeiso2"
                }
              }
            }
          },
          "400": {
            "description": "Retour de la procédure stockée incorrect",
            "content": {
              "application/json": {
                "schema": {
                  "$ref": "#/components/schemas/MSExceptionDTO"
                }
              }
            }
          },
          "401": {
            "description": "Utilisateur non autorisé, JWT tokken incorrect",
            "content": {
              "application/json": {
                "schema": {
                  "$ref": "#/components/schemas/MSExceptionDTO"
                }
              }
            }
          },
          "404": {
            "description": "CodeIso2 non trouvé pour ces parametres",
            "content": {
              "application/json": {
                "schema": {
                  "$ref": "#/components/schemas/MSExceptionDTO"
                }
              }
            }
          },
          "500": {
            "description": "Erreur d'accès à la requete ou à la base de données",
            "content": {
              "application/json": {
                "schema": {
                  "$ref": "#/components/schemas/MSExceptionDTO"
                }
              }
            }
          }
        }
      }
    },
    "/update/mail-phone": {
      "post": {
        "description": "Create a request to update mail and phone in Upi Util",
        "operationId": "updateMailPhone",
        "requestBody": {
          "content": {
            "application/json": {
              "schema": {
                "$ref": "#/components/schemas/ReqUpdateMailPhone"
              }
            }
          }
        },
        "tags": [
          "actionnaire"
        ],
        "responses": {
          "200": {
            "description": "Mise à jour effectuée.",
            "content": {
              "application/json": {
                "schema": {
                  "type": "boolean"
                }
              }
            }
          },
          "400": {
            "description": "Bad request. Mise à jour non effectuée.",
            "content": {
              "application/json": {
                "schema": {
                  "$ref": "#/components/schemas/MSExceptionDTO"
                }
              }
            }
          },
          "401": {
            "description": "Utilisateur non autorisé, JWT tokken incorrect",
            "content": {
              "application/json": {
                "schema": {
                  "$ref": "#/components/schemas/MSExceptionDTO"
                }
              }
            }
          },
          "500": {
            "description": "Erreur d'accès à la requete ou à la base de données",
            "content": {
              "application/json": {
                "schema": {
                  "$ref": "#/components/schemas/MSExceptionDTO"
                }
              }
            }
          }
        }
      }
    },
    "/update/bancaire-titu": {
      "post": {
        "description": "Create a request to update bancaire data  in Registrar ",
        "operationId": "updateBancaireTitu",
        "requestBody": {
          "content": {
            "application/json": {
              "schema": {
                "$ref": "#/components/schemas/ReqUpdateBancaireTitu"
              }
            }
          }
        },
        "tags": [
          "actionnaire"
        ],
        "responses": {
          "200": {
            "description": "Mise à jour effectuée.",
            "content": {
              "application/json": {
                "schema": {
                  "$ref": "#/components/schemas/ResultStatus"
                }
              }
            }
          },
          "400": {
            "description": "Bad request. Mise à jour non effectuée.",
            "content": {
              "application/json": {
                "schema": {
                  "$ref": "#/components/schemas/MSExceptionDTO"
                }
              }
            }
          },
          "401": {
            "description": "Utilisateur non autorisé, JWT tokken incorrect",
            "content": {
              "application/json": {
                "schema": {
                  "$ref": "#/components/schemas/MSExceptionDTO"
                }
              }
            }
          },
          "500": {
            "description": "Erreur d'accès à la requete ou à la base de données",
            "content": {
              "application/json": {
                "schema": {
                  "$ref": "#/components/schemas/MSExceptionDTO"
                }
              }
            }
          }
        }
      }
    },
    "/insert/e-abonnement": {
      "post": {
        "description": "requete pour insérer le module d'abonnement aux e-services",
        "operationId": "insertEabonnement",
        "requestBody": {
          "content": {
            "application/json": {
              "schema": {
                "$ref": "#/components/schemas/Eabonnement"
              }
            }
          }
        },
        "tags": [
          "eabonnement"
        ],
        "responses": {
          "201": {
            "description": "mise à jour effectuée avec succés "
          },
          "400": {
            "description": "Bad request. Mise à jour non effectuée.",
            "content": {
              "application/json": {
                "schema": {
                  "$ref": "#/components/schemas/MSExceptionDTO"
                }
              }
            }
          },
          "401": {
            "description": "Utilisateur non autorisé, JWT tokken incorrect",
            "content": {
              "application/json": {
                "schema": {
                  "$ref": "#/components/schemas/MSExceptionDTO"
                }
              }
            }
          },
          "500": {
            "description": "Erreur d'accès à la requete ou à la base de données",
            "content": {
              "application/json": {
                "schema": {
                  "$ref": "#/components/schemas/MSExceptionDTO"
                }
              }
            }
          }
        }
      }
    },
    "/update/csp-language": {
      "post": {
        "description": "Create a request to update CSP and Language  in Registrar ",
        "operationId": "updateCspLanguage",
        "requestBody": {
          "content": {
            "application/json": {
              "schema": {
                "$ref": "#/components/schemas/ReqUpdateCspLanguage"
              }
            }
          }
        },
        "tags": [
          "actionnaire"
        ],
        "responses": {
          "200": {
            "description": "Mise à jour effectuée.",
            "content": {
              "application/json": {
                "schema": {
                  "$ref": "#/components/schemas/ResultStatus"
                }
              }
            }
          },
          "400": {
            "description": "Bad request. Mise à jour non effectuée.",
            "content": {
              "application/json": {
                "schema": {
                  "$ref": "#/components/schemas/MSExceptionDTO"
                }
              }
            }
          },
          "401": {
            "description": "Utilisateur non autorisé, JWT tokken incorrect",
            "content": {
              "application/json": {
                "schema": {
                  "$ref": "#/components/schemas/MSExceptionDTO"
                }
              }
            }
          },
          "500": {
            "description": "Erreur d'accès à la requete ou à la base de données",
            "content": {
              "application/json": {
                "schema": {
                  "$ref": "#/components/schemas/MSExceptionDTO"
                }
              }
            }
          }
        }
      }
    }
  },
  "components": {
    "schemas": {
      "Titulaire": {
        "type": "object",
        "properties": {
          "emetIden": {
            "type": "integer",
            "format": "int32"
          },
          "actiIden": {
            "type": "integer",
            "format": "int32"
          },
          "tituNume": {
            "type": "integer",
            "format": "int32"
          },
          "nom": {
            "type": "string"
          },
          "prenom": {
            "type": "string"
          },
          "prenom2": {
            "type": "string"
          },
          "qualite": {
            "type": "string"
          },
          "dateDerniereConnexion": {
            "type": "string",
            "format": "date-time"
          },
          "nomJF": {
            "type": "string",
            "description": "nom de jeune fille"
          },
          "emailPerso": {
            "type": "string"
          },
          "emailPro": {
            "type": "string"
          },
          "numFixePerso": {
            "type": "string",
            "description": "tel fixe perso"
          },
          "numFixePro": {
            "type": "string",
            "description": "téléphone fixe pro"
          },
          "numMobilePerso": {
            "type": "string"
          },
          "numMobilePro": {
            "type": "string"
          },
          "tituLanguage": {
            "type": "string",
            "description": "langue de communication"
          },
          "adreFiscInfoBati": {
            "type": "string",
            "description": "batiment Adresse fiscale"
          },
          "adreFiscInfoRue": {
            "type": "string"
          },
          "adreFiscComp": {
            "type": "string",
            "description": "complément adresse fiscale"
          },
          "adreFiscCodp": {
            "type": "string",
            "description": "code postal adresse fiscale"
          },
          "adreFiscDept": {
            "type": "string",
            "description": "departement adresse fiscale"
          },
          "adreFiscNomCommune": {
            "type": "string",
            "description": "nom commune de adresse fiscale"
          },
          "adreFiscCodeCommune": {
            "type": "string"
          },
          "adreFiscPaysIden": {
            "type": "string",
            "description": "identification pays adresse fiscale"
          },
          "adreInfoBati": {
            "type": "string",
            "description": "batiment Adresse postale"
          },
          "adreInfoRue": {
            "type": "string"
          },
          "adreComplement": {
            "type": "string"
          },
          "adreCodp": {
            "type": "string"
          },
          "adreNomCommune": {
            "type": "string"
          },
          "adrePaysIden": {
            "type": "string",
            "description": "identification pays adresse postale"
          },
          "tituNaisDate": {
            "type": "string",
            "format": "date-time"
          },
          "tituNaisComu": {
            "type": "string",
            "description": "commune de naissance du titulaire"
          },
          "tituNaisComuCode": {
            "type": "string"
          },
          "tituNaisDept": {
            "type": "string"
          },
          "tituNaisPaysIden": {
            "type": "string",
            "description": "identification pays naissance du titulaire"
          },
          "tituModeReglement": {
            "type": "string"
          },
          "tituDevise": {
            "type": "string"
          },
          "regrReglIden": {
            "type": "string",
            "description": "identification reglement Données bancaires"
          },
          "ribBank": {
            "type": "string"
          },
          "ribAgen": {
            "type": "string"
          },
          "ribCompte": {
            "type": "string"
          },
          "ribCle": {
            "type": "string"
          },
          "ribDomi": {
            "type": "string"
          },
          "ribIban": {
            "type": "string"
          },
          "ribeBic": {
            "type": "string",
            "description": "code bic"
          },
          "ribeBicInte": {
            "type": "string",
            "description": "code bic intermidiare"
          },
          "ribeBankNom": {
            "type": "string",
            "description": "nom de la banque"
          },
          "ribeBankAdre": {
            "type": "string",
            "description": "adresse de la banque"
          },
          "ribePaysIden": {
            "type": "string",
            "description": "identification pays de la banque"
          },
          "ribeAgence": {
            "type": "string"
          },
          "ribeCtrlInte": {
            "type": "string",
            "description": "contrôle intermédiaire"
          },
          "ribeCpte1": {
            "type": "string",
            "description": "réf compte 1"
          },
          "ribeCpte2": {
            "type": "string",
            "description": "réf compte 2"
          },
          "ribeBic2": {
            "type": "string",
            "description": "code bic 2"
          },
          "ribeBankCode": {
            "type": "string",
            "description": "code banque (si pays <> FRA)"
          },
          "tituBene": {
            "type": "string",
            "description": "bénéficiaire"
          },
          "tituCsp": {
            "type": "string",
            "description": "tituCsp"
          },
          "actiRefeScte": {
            "type": "string"
          },
          "actiRefeSala": {
            "type": "string",
            "description": "code salarié"
          },
          "actiTypeCpte": {
            "type": "string",
            "description": "nature de compte"
          },
          "actiConvDateEnvoi": {
            "type": "string",
            "format": "date-time",
            "description": "date d'envoi de la convetion de compte"
          },
          "actiConvDateRecept": {
            "type": "string",
            "format": "date-time",
            "description": "date de réception de la convention de compte"
          },
          "actiConvDateRelance": {
            "type": "string",
            "format": "date-time",
            "description": "date de relance"
          },
          "actiMifClass": {
            "type": "string",
            "description": "classification MIF"
          },
          "actiConvIndiExclu": {
            "type": "boolean",
            "description": "indicateur de non prise en compte de la convention de compte"
          },
          "actiConvIndiIncomp": {
            "type": "boolean",
            "description": "indicateur de non complétude de la convetion de compte"
          },
          "emetLibelle": {
            "type": "string",
            "description": "libellé émetteur"
          },
          "drhRattachement": {
            "type": "string",
            "description": "coordonnées RH"
          },
          "natioIso3": {
            "type": "string",
            "description": "code iso3 nationalité"
          },
          "idNatioType": {
            "type": "string",
            "description": "type d'identifiant national"
          },
          "idNatioMifid": {
            "type": "string",
            "description": "identifiant national"
          },
          "pjType": {
            "type": "string",
            "description": "type de PJ"
          },
          "pjNume": {
            "type": "string",
            "description": "numéro de PJ"
          },
          "pjDateExpir": {
            "type": "string",
            "format": "date-time",
            "description": "date d'expiration (peut être null)"
          },
          "pjDateDeliv": {
            "type": "string",
            "format": "date-time",
            "description": "date de délivrance"
          },
          "pjTypeLib": {
            "type": "string",
            "description": "libellé du type de PJ"
          },
          "idNatioTypeLib": {
            "type": "string",
            "description": "libellé du type d'identifiant national"
          },
          "acceptCGU": {
            "type": "boolean",
            "description": "date d'accpetance de CGU"
          },
          "setIndiAbonnement": {
            "type": "boolean",
            "description": "acceptation des eAbonnement"
          }
        }
      },
      "MifidNatMaj": {
        "type": "object",
        "properties": {
          "emetIden": {
            "type": "integer",
            "format": "int32"
          },
          "actiIden": {
            "type": "integer",
            "format": "int32"
          },
          "tituNume": {
            "type": "integer",
            "format": "int32"
          },
          "natioIso3": {
            "type": "string",
            "description": "code iso3 nationalité"
          },
          "idNatioType": {
            "type": "string",
            "description": "type d'identifiant national"
          },
          "idNatioMifid": {
            "type": "string",
            "description": "identifiant national"
          },
          "pjType": {
            "type": "string",
            "description": "type de PJ"
          },
          "pjNume": {
            "type": "string",
            "description": "numéro de PJ"
          },
          "pjGed": {
            "type": "string",
            "description": "X032",
            "default": "X032"
          },
          "pjDateExpir": {
            "type": "string",
            "format": "date",
            "description": "date d'expiration (peut être null)"
          },
          "pjDateDeliv": {
            "type": "string",
            "format": "date",
            "description": "date de délivrance"
          },
          "origine": {
            "type": "string",
            "description": "UPI",
            "default": "UPI"
          }
        }
      },
      "News": {
        "type": "object",
        "properties": {
          "actus": {
            "type": "array",
            "items": {
              "$ref": "#/components/schemas/Actus"
            }
          }
        }
      },
      "Actus": {
        "type": "object",
        "properties": {
          "level": {
            "type": "string"
          },
          "type": {
            "type": "string"
          },
          "traductionKey": {
            "type": "string"
          },
          "traductionParams": {
            "type": "array",
            "items": {
              "type": "string"
            }
          },
          "priority": {
            "type": "integer"
          }
        }
      },
      "Positions": {
        "type": "object",
        "properties": {
          "titres": {
            "$ref": "#/components/schemas/PositionsType"
          },
          "droits": {
            "$ref": "#/components/schemas/PositionsType"
          },
          "fonds": {
            "$ref": "#/components/schemas/PositionsType"
          }
        }
      },
      "MSExceptionDTO": {
        "type": "object",
        "properties": {
          "errorCode": {
            "type": "string"
          },
          "errorCodeDetail": {
            "type": "string"
          },
          "message": {
            "type": "string"
          },
          "contextParams": {
            "type": "object"
          }
        }
      },
      "Comptes": {
        "type": "object",
        "properties": {
          "emetIden": {
            "type": "integer"
          },
          "actiIden": {
            "type": "integer"
          },
          "tituNume": {
            "type": "integer"
          },
          "themeId": {
            "type": "integer"
          },
          "nom": {
            "type": "string"
          },
          "prenom": {
            "type": "string"
          },
          "qualite": {
            "type": "string"
          },
          "actiTypeCompte": {
            "type": "string"
          },
          "typeCpte": {
            "type": "string"
          }
        }
      },
      "PositionsType": {
        "type": "object",
        "properties": {
          "typePosition": {
            "type": "string"
          },
          "derniereMaj": {
            "type": "string",
            "format": "string"
          },
          "qteTotale": {
            "type": "integer",
            "format": "int32"
          },
          "valorisationTotale": {
            "type": "number"
          },
          "devise": {
            "type": "string"
          },
          "details": {
            "type": "array",
            "items": {
              "$ref": "#/components/schemas/PositionsDetails"
            }
          }
        }
      },
      "Avoirs": {
        "type": "object",
        "properties": {
          "codeLibelle": {
            "type": "string"
          },
          "qteTotale": {
            "type": "integer",
            "format": "int32"
          },
          "valorisationTotale": {
            "type": "number"
          },
          "devise": {
            "type": "string"
          },
          "details": {
            "type": "array",
            "items": {
              "$ref": "#/components/schemas/AvoirsDetails"
            }
          }
        }
      },
      "PositionsDetails": {
        "type": "object",
        "properties": {
          "typePosition": {
            "type": "string"
          },
          "qte": {
            "type": "integer",
            "format": "int32"
          },
          "natureJuridique": {
            "type": "string"
          },
          "devise": {
            "type": "string"
          },
          "derniereMaj": {
            "type": "string",
            "format": "string"
          },
          "valorisation": {
            "type": "number"
          },
          "codeLibelle": {
            "type": "string"
          }
        }
      },
      "AvoirsDetails": {
        "type": "object",
        "properties": {
          "natureJuridique": {
            "type": "string"
          },
          "disponibilite": {
            "type": "string"
          },
          "qte": {
            "type": "integer",
            "format": "int32"
          },
          "devise": {
            "type": "string"
          },
          "valorisation": {
            "type": "number"
          }
        }
      },
      "Categories": {
        "type": "object",
        "properties": {
          "typoId": {
            "type": "integer"
          },
          "typoTraductionKey": {
            "type": "string"
          },
          "typoOrdre": {
            "type": "integer"
          },
          "sousCategories": {
            "type": "array",
            "items": {
              "$ref": "#/components/schemas/SousCategories"
            }
          }
        }
      },
      "SousCategories": {
        "type": "object",
        "properties": {
          "sousTypoId": {
            "type": "integer"
          },
          "sousTypoTraductionKey": {
            "type": "string"
          },
          "sousTypoIndiPjObligatoire": {
            "type": "string"
          },
          "sousTypoOrdre": {
            "type": "integer"
          }
        }
      },
      "Demande": {
        "type": "object",
        "properties": {
          "category": {
            "type": "string"
          },
          "subCategory": {
            "type": "string"
          },
          "firstName": {
            "type": "string"
          },
          "lastName": {
            "type": "string"
          },
          "telephone": {
            "type": "string"
          },
          "selectphone": {
            "type": "string"
          },
          "email": {
            "type": "string"
          },
          "pays": {
            "type": "string"
          },
          "dob": {
            "type": "string"
          },
          "message": {
            "type": "string"
          },
          "acceptTerms": {
            "type": "boolean"
          }
        }
      },
      "DetailsPJ": {
        "type": "object",
        "properties": {
          "filePath": {
            "type": "string"
          },
          "file": {
            "type": "string",
            "format": "binary"
          }
        }
      },
      "Valeur": {
        "type": "object",
        "properties": {
          "isValeurPrincipale": {
            "type": "boolean",
            "description": "Détermine s'il s'agit de la Valeur Principale",
            "example": true
          },
          "valeIden": {
            "type": "string"
          },
          "valeGestIden": {
            "type": "string"
          },
          "valeLibe": {
            "type": "string"
          },
          "valeLibe2": {
            "type": "string"
          },
          "valeNatu": {
            "type": "string"
          },
          "valeDepo": {
            "type": "string"
          },
          "valeNego": {
            "type": "string"
          },
          "valeCate": {
            "type": "string"
          },
          "valeScale": {
            "type": "integer"
          },
          "deviseNego": {
            "type": "string"
          },
          "codePlace": {
            "type": "string"
          },
          "libelleCodePlace": {
            "type": "string"
          },
          "iCodePrime": {
            "type": "string"
          },
          "iPromesse": {
            "type": "integer"
          },
          "valeurPatio": {
            "type": "string"
          },
          "tauxTtf": {
            "type": "number"
          },
          "tauxFraisBancaires": {
            "type": "number"
          },
          "minFrais": {
            "type": "number"
          },
          "tauxImpotBourse": {
            "type": "number"
          },
          "isValeurEtrangere": {
            "type": "integer"
          },
          "isValEtrAutorisee": {
            "type": "integer"
          },
          "displayTutoSpe": {
            "type": "integer"
          },
          "valeurAffichableVente": {
            "type": "integer"
          },
          "valeurVendableOlis": {
            "type": "integer"
          },
          "valeurAffichableAchat": {
            "type": "integer"
          },
          "valeurAchetableOlis": {
            "type": "integer"
          },
          "dernierCours": {
            "type": "number"
          },
          "dernierCoursEuro": {
            "type": "number"
          },
          "deviseCours": {
            "type": "string"
          },
          "coursOuverture": {
            "type": "number"
          },
          "coursDate": {
            "type": "string"
          },
          "possedeTitres": {
            "type": "boolean",
            "description": "Détermine si l'actionnaire a des titres pour ce code valeur",
            "example": true
          },
          "solde": {
            "type": "integer",
            "format": "int64",
            "minimum": 0
          },
          "repartie": {
            "type": "integer",
            "format": "int64",
            "minimum": 0
          },
          "disponible": {
            "type": "integer",
            "format": "int64",
            "minimum": 0
          },
          "indisponible": {
            "type": "integer",
            "format": "int64",
            "minimum": 0
          },
          "derogation": {
            "type": "integer",
            "format": "int64",
            "minimum": 0
          }
        }
      },
      "EmailDetails": {
        "type": "object",
        "properties": {
          "recipients": {
            "type": "string"
          },
          "textBody": {
            "$ref": "#/components/schemas/EmailBody"
          },
          "htmlBody": {
            "type": "string"
          },
          "subject": {
            "type": "string"
          },
          "typeMail": {
            "type": "string"
          },
          "attachments": {
            "type": "array",
            "items": {
              "type": "string",
              "format": "binary"
            }
          }
        }
      },
      "EmailBody": {
        "type": "object",
        "properties": {
          "textBody": {
            "type": "string"
          },
          "securityLib": {
            "type": "string"
          },
          "rgpdLib": {
            "type": "string"
          },
          "accessibilityLib": {
            "type": "string"
          },
          "cguLib": {
            "type": "string"
          },
          "conformLib": {
            "type": "string"
          }
        }
      },
      "ValeurDetail": {
        "type": "object",
        "properties": {
          "pasCotation": {
            "type": "array",
            "items": {
              "$ref": "#/components/schemas/PasCotation"
            }
          },
          "bareme": {
            "$ref": "#/components/schemas/Bareme"
          }
        }
      },
      "PasCotation": {
        "type": "object",
        "properties": {
          "tickSize": {
            "type": "integer"
          },
          "tranMin": {
            "type": "number"
          },
          "tranMax": {
            "type": "number"
          },
          "eche": {
            "type": "number"
          }
        }
      },
      "Bareme": {
        "type": "object",
        "properties": {
          "idextBarcomms": {
            "type": "string"
          },
          "emetIden": {
            "type": "integer",
            "format": "int32"
          },
          "baremeWeb": {
            "type": "string"
          },
          "amount0D": {
            "type": "number"
          },
          "amount1D": {
            "type": "number"
          },
          "amount2D": {
            "type": "number"
          },
          "amount3D": {
            "type": "number"
          },
          "amount4D": {
            "type": "number"
          },
          "amount5D": {
            "type": "number"
          },
          "amount6D": {
            "type": "number"
          },
          "amount7D": {
            "type": "number"
          },
          "amount8D": {
            "type": "number"
          },
          "amount9D": {
            "type": "number"
          },
          "percent0D": {
            "type": "number"
          },
          "percent1D": {
            "type": "number"
          },
          "percent2D": {
            "type": "number"
          },
          "percent3D": {
            "type": "number"
          },
          "percent4D": {
            "type": "number"
          },
          "percent5D": {
            "type": "number"
          },
          "percent6D": {
            "type": "number"
          },
          "percent7D": {
            "type": "number"
          },
          "percent8D": {
            "type": "number"
          },
          "percent9D": {
            "type": "number"
          },
          "mtMinD": {
            "type": "number"
          },
          "mtMaxD": {
            "type": "number"
          }
        }
      },
      "OrdreBourse": {
        "type": "object",
        "properties": {
          "emetIden": {
            "type": "integer",
            "example": 99963514
          },
          "actiIden": {
            "type": "integer",
            "example": 1
          },
          "tituNume": {
            "type": "integer",
            "example": 1
          },
          "login": {
            "type": "string",
            "description": "utilisateur à l'origine de la création. Dans notre cas, le login de l'actionnaire.",
            "example": "92605493"
          },
          "natureDemande": {
            "type": "integer",
            "format": "int32",
            "description": "La nature d'une demande. Pour achat, renseigner 8.  Pour vente, renseigner 4",
            "example": 8
          },
          "typeVente": {
            "type": "integer",
            "format": "int32",
            "description": "la modalité de l'ordre. Renseigner 1 si A cours limite, 2 à la meilleure limite, 3 si Au marché",
            "example": 3
          },
          "valeIden": {
            "type": "string",
            "description": "Le code valeur associé à la demande.",
            "example": "DEMQS0007510"
          },
          "nbActions": {
            "type": "integer",
            "format": "int32",
            "description": "la quantité",
            "example": 30
          },
          "coursLimite": {
            "type": "number",
            "description": "Le cours limite si la modalité de l'ordre est à cours limite. Sinon Null"
          },
          "dateFinValidite": {
            "type": "string",
            "format": "date",
            "example": "2023-12-10"
          },
          "regltAttendu": {
            "type": "number",
            "description": "Le montant net calculé de l'opération"
          },
          "modeReglt": {
            "type": "integer",
            "format": "int32",
            "description": "Le mode de règlement. Renseigner 1 si virement, 9 si CB, 6 si prélèvement.",
            "example": 1
          },
          "ocb_idTransaction": {
            "type": "integer",
            "format": "int64",
            "description": "L'idTransaction retournée par OLIS CB apres paiement CB. A fournir uniquement lorsque le mode de règlement est 9, par CB.",
            "example": 1
          },
          "titres": {
            "type": "array",
            "description": "Détails des titres a vendre.",
            "items": {
              "$ref": "#/components/schemas/LigneAvoirs"
            }
          }
        }
      },
      "OrdreBourseResponse": {
        "type": "object",
        "properties": {
          "refDemande": {
            "type": "string",
            "format": "int32",
            "description": "La reference de la demande (NUM_DEMANDE_CURRVAL)",
            "example": "1250"
          },
          "isInTime": {
            "type": "boolean",
            "description": "Détermine si l'operation est effectuée avant 17h30",
            "example": true
          }
        }
      },
      "OperationPrerequisResponse": {
        "type": "object",
        "properties": {
          "serverDateTime": {
            "type": "string",
            "format": "date-time",
            "description": "Donne la date du serveur d'application"
          },
          "peutVendre": {
            "type": "boolean",
            "description": "Détermine si l'actionnaire  remplit les conditions pour vendre",
            "example": true
          },
          "motifsBlocageVente": {
            "type": "array",
            "items": {
              "type": "string",
              "description": "Liste des raisons pour lesquelles il ne peut pas vendre",
              "example": "kyc_not_completed"
            }
          },
          "peutAcheter": {
            "type": "boolean",
            "description": "Détermine si l'actionnaire  remplit les conditions pour Acheter",
            "example": true
          },
          "motifsBlocageAchat": {
            "type": "array",
            "items": {
              "type": "string",
              "description": "Liste des raisons pour lesquelles il ne peut pas acheter",
              "example": "kyc_not_completed"
            }
          },
          "valeurs": {
            "type": "array",
            "items": {
              "$ref": "#/components/schemas/Valeur"
            }
          }
        }
      },
      "LigneAvoirs": {
        "type": "object",
        "properties": {
          "natureJuridique": {
            "type": "string",
            "example": "P"
          },
          "restrictionJuridique": {
            "type": "string",
            "example": "P"
          },
          "libePlan": {
            "type": "string"
          },
          "valeIdenPlan": {
            "type": "string"
          },
          "regptAvoir": {
            "type": "integer"
          },
          "rubCompta": {
            "type": "string",
            "example": "1160"
          },
          "numAvoa": {
            "type": "integer",
            "description": "Numero de ligne d'avoir"
          },
          "nbActionDispo": {
            "type": "integer"
          },
          "nbActionAVendre": {
            "type": "integer"
          },
          "priorite": {
            "type": "integer",
            "example": 1
          },
          "categorie": {
            "type": "string"
          },
          "qualificatif": {
            "type": "string"
          },
          "restriction": {
            "type": "string"
          },
          "prixAcquisition": {
            "type": "number"
          },
          "dateDispo": {
            "type": "string",
            "format": "date",
            "example": "2023-08-25"
          },
          "dateLevee": {
            "type": "string",
            "format": "date",
            "example": "2023-08-25"
          },
          "dateAcquisition": {
            "type": "string",
            "format": "date",
            "example": "2023-08-25"
          },
          "dateSoaa": {
            "type": "string",
            "description": "Date de solde de la ligne d'avoir",
            "format": "date",
            "example": "2023-08-25"
          },
          "dateVoteDoubleBrut": {
            "type": "string",
            "format": "date",
            "example": "2023-08-25"
          },
          "dateDetentionBrut": {
            "type": "string",
            "format": "date",
            "example": "2023-08-25"
          },
          "dateCessFiscale": {
            "type": "string",
            "format": "date",
            "example": "2023-08-25"
          }
        }
      },
      "AvoirTitre": {
        "type": "object",
        "properties": {
          "disponible": {
            "type": "boolean",
            "example": true
          },
          "quantite": {
            "type": "integer",
            "format": "int32",
            "example": 280
          },
          "voix": {
            "type": "integer",
            "format": "int64",
            "example": 40
          },
          "restriction": {
            "type": "string",
            "example": "cptetitre.typologie.S"
          },
          "coursAcquisition": {
            "type": "number",
            "example": 0.2
          },
          "coursLevee": {
            "type": "number",
            "example": 0.2
          },
          "prixSouscription": {
            "type": "number",
            "example": 0.2
          },
          "valorisation": {
            "type": "number",
            "example": 100.2
          },
          "categorie": {
            "type": "string",
            "description": "origine du titre",
            "example": "PUR"
          },
          "admiIden": {
            "type": "string",
            "description": "Intermédiaire financier",
            "example": "42 - Société Générale"
          },
          "dateAcquisition": {
            "type": "string",
            "format": "date",
            "description": "Date d'Acquisition",
            "example": "2010-04-25"
          },
          "dateSouscription": {
            "type": "string",
            "format": "date",
            "description": "Date d'Acquisition",
            "example": "2010-04-25"
          },
          "dateDispo": {
            "type": "string",
            "format": "date",
            "example": "2010-04-25"
          },
          "dateVoteDouble": {
            "type": "string",
            "format": "date",
            "example": "2023-08-25"
          },
          "dateLevee": {
            "type": "string",
            "format": "date",
            "example": "2010-04-25"
          }
        }
      },
      "OrigineTitre": {
        "type": "object",
        "properties": {
          "origine": {
            "type": "string",
            "example": "titres.nominatifs"
          },
          "listTitres": {
            "type": "array",
            "items": {
              "$ref": "#/components/schemas/AvoirTitre"
            }
          }
        }
      },
      "ValeurTitre": {
        "type": "object",
        "properties": {
          "valeIden": {
            "type": "string",
            "example": "FR0010112524"
          },
          "valeLibe": {
            "type": "string",
            "example": "Plan De Souscription Nexity Du 11/02/2004 - S03"
          },
          "dernierCours": {
            "type": "number",
            "example": 123.5
          },
          "listOrigines": {
            "type": "array",
            "items": {
              "$ref": "#/components/schemas/OrigineTitre"
            }
          }
        }
      },
      "GroupeTitre": {
        "type": "object",
        "properties": {
          "nomGroupe": {
            "type": "string",
            "example": "titres.plans.droits"
          },
          "valorisationGroupe": {
            "type": "number",
            "example": 123.5
          },
          "nbreTitres": {
            "type": "integer",
            "format": "int32",
            "example": 1234
          },
          "titresDispo": {
            "type": "integer",
            "format": "int32",
            "example": 123
          },
          "titresIndispo": {
            "type": "integer",
            "format": "int32",
            "example": 23
          },
          "listValeurs": {
            "type": "array",
            "items": {
              "$ref": "#/components/schemas/ValeurTitre"
            }
          }
        }
      },
      "PortefeuilleTitre": {
        "type": "object",
        "properties": {
          "devise": {
            "type": "string",
            "example": "EUR"
          },
          "valorisationTotal": {
            "type": "number",
            "example": 1234.34
          },
          "titresTotal": {
            "type": "integer",
            "format": "int32",
            "example": 12
          },
          "droitsVote": {
            "type": "integer",
            "format": "int64",
            "example": 123
          },
          "titresDispo": {
            "type": "integer",
            "format": "int32",
            "example": 123
          },
          "titresIndispo": {
            "type": "integer",
            "format": "int32",
            "example": 5
          },
          "groupeTitres": {
            "type": "array",
            "items": {
              "$ref": "#/components/schemas/GroupeTitre"
            }
          }
        }
      },
      "Operation": {
        "type": "object",
        "properties": {
          "idDemande": {
            "type": "integer",
            "format": "int64",
            "description": "L'id de la demande.",
            "example": 526750
          },
          "dateDemande": {
            "type": "string",
            "format": "date",
            "example": "2023-12-10"
          },
          "natureDemande": {
            "type": "integer",
            "format": "int32",
            "description": "La nature d'une demande. Pour achat, renseigner 8.  Pour vente, renseigner 4",
            "example": 8
          },
          "refDemande": {
            "type": "string",
            "format": "int32",
            "description": "La reference de la demande (NUM_DEMANDE_CURRVAL)",
            "example": "1250"
          },
          "statutDemande": {
            "type": "string",
            "example": "operation.histo.etape.35"
          },
          "statutExecution": {
            "type": "string",
            "example": "operation.histo.statutExecution.4"
          },
          "nbActions": {
            "type": "integer",
            "format": "int32",
            "description": "la quantité",
            "example": 30
          },
          "annulable": {
            "type": "boolean"
          },
          "montantNet": {
            "type": "number",
            "description": "Le montant net calculé de l'opération"
          },
          "qteTrade": {
            "type": "integer",
            "format": "int32",
            "example": 0
          }
        }
      },
      "File": {
        "type": "object",
        "properties": {
          "documentId": {
            "type": "integer",
            "format": "int32"
          },
          "documentFileName": {
            "type": "string"
          },
          "documentContentType": {
            "type": "string"
          },
          "documentContent": {
            "type": "string",
            "format": "byte"
          }
        }
      },
      "TypeDocuments": {
        "type": "object",
        "properties": {
          "documentId": {
            "type": "integer"
          },
          "documentLangueIso3": {
            "type": "string"
          },
          "versionLangueIso3": {
            "type": "string"
          },
          "documentTraductionKey": {
            "type": "string"
          },
          "documentTypeId": {
            "type": "integer"
          },
          "documentTypeTraductionKey": {
            "type": "string"
          },
          "documentTypeCodeCouleurHtml": {
            "type": "string"
          }
        }
      },
      "PaysSefa": {
        "type": "object",
        "properties": {
          "paramValue": {
            "type": "array",
            "items": {
              "type": "string"
            }
          },
          "paramName": {
            "type": "string"
          }
        }
      },
      "Codeiso2": {
        "type": "object",
        "properties": {
          "libelle": {
            "type": "string"
          },
          "paysIso2": {
            "type": "string"
          },
          "paysIndiSepa": {
            "type": "string"
          },
          "paysIso2Bic": {
            "type": "string"
          }
        }
      },
      "Eabonnement": {
        "type": "object",
        "properties": {
          "param_choix": {
            "type": "string"
          }
        }
      },
      "ReqUpdateMailPhone": {
        "type": "object",
        "required": [
          "mail",
          "telephone"
        ],
        "properties": {
          "mail": {
            "type": "string"
          },
          "telephone": {
            "type": "string"
          }
        }
      },
      "FileParams": {
        "type": "object",
        "required": [
          "codeLangue",
          "docId"
        ],
        "properties": {
          "docId": {
            "type": "integer"
          },
          "codeLangue": {
            "type": "string"
          }
        }
      },
      "ReqUpdateAdresseTitu": {
        "type": "object",
        "required": [
          "emetIden",
          "actiIden",
          "tituNum",
          "typeAdre",
          "adreInfoRue",
          "adreComp",
          "adreCodp",
          "adreNomComu",
          "adrePaysIden",
          "adreBati",
          "adreFiscDept",
          "adreFiscCodeComu"
        ],
        "properties": {
          "emetIden": {
            "type": "string"
          },
          "actiIden": {
            "type": "string"
          },
          "tituNum": {
            "type": "string"
          },
          "typeAdre": {
            "type": "string"
          },
          "adreInfoRue": {
            "type": "string"
          },
          "adreComp": {
            "type": "string"
          },
          "adreCodp": {
            "type": "string"
          },
          "adreNomComu": {
            "type": "string"
          },
          "adrePaysIden": {
            "type": "string"
          },
          "adreBati": {
            "type": "string"
          },
          "adreFiscDept": {
            "type": "string"
          },
          "adreFiscCodeComu": {
            "type": "string"
          }
        }
      },
      "ReqUpdateContactTitu": {
        "type": "object",
        "required": [
          "emetIden",
          "actiIden",
          "tituNum",
          "tituEmail",
          "tituEmail2",
          "tituNumMobilePerso",
          "tituNumMobilePersoIndiPays",
          "tituNumMobilePro",
          "tituNumMobileProIndiPays",
          "tituNumTel",
          "tituNumTelIndiPays",
          "tituNumTel2",
          "tituNumTel2IndiPays",
          "typecontact",
          "typeCoord",
          "numFaxPro",
          "numFaxProIndiPays",
          "numFaxPerso",
          "numFaxPersoIndiPays"
        ],
        "properties": {
          "emetIden": {
            "type": "string"
          },
          "actiIden": {
            "type": "string"
          },
          "tituNum": {
            "type": "string"
          },
          "tituEmail": {
            "type": "string"
          },
          "tituEmail2": {
            "type": "string"
          },
          "tituNumMobilePerso": {
            "type": "string"
          },
          "tituNumMobilePersoIndiPays": {
            "type": "string"
          },
          "tituNumMobilePro": {
            "type": "string"
          },
          "tituNumMobileProIndiPays": {
            "type": "string"
          },
          "tituNumTel": {
            "type": "string"
          },
          "tituNumTelIndiPays": {
            "type": "string"
          },
          "tituNumTel2": {
            "type": "string"
          },
          "tituNumTel2IndiPays": {
            "type": "string"
          },
          "typecontact": {
            "type": "string"
          },
          "typeCoord": {
            "type": "string"
          },
          "numFaxPro": {
            "type": "string"
          },
          "numFaxProIndiPays": {
            "type": "string"
          },
          "numFaxPerso": {
            "type": "string"
          },
          "numFaxPersoIndiPays": {
            "type": "string"
          }
        }
      },
      "ReqUpdateBancaireTitu": {
        "type": "object",
        "required": [
          "type",
          "sCodePaysReglement",
          "sDevise",
          "sModeReglement",
          "sAgence",
          "sBanque",
          "sCle",
          "sCompte",
          "sDomiciliation",
          "sBeneficiaire",
          "sRibeBankCode",
          "sRibeAgen",
          "sRibCtrlInte",
          "sRibCpt1",
          "sRibCpt2",
          "sRibCtrlFin",
          "sRibBic",
          "sRibBankNom",
          "sRibBankAdress",
          "sRibIban",
          "sRibBicIntermediaire",
          "sRibBicCouverture",
          "sRibBankIntermediaireNom",
          "sRibBankIntermediaireNomAdress",
          "sRibeCptBankBenefChezBankIntermediaire",
          "sRibeBankCouvertureNom",
          "sRibeBankCouvertureNomAdre",
          "sRibeCptBankInterChezBankCouverture"
        ],
        "properties": {
          "type": {
            "type": "string"
          },
          "sCodePaysReglement": {
            "type": "string"
          },
          "sDevise": {
            "type": "string"
          },
          "sModeReglement": {
            "type": "string"
          },
          "sAgence": {
            "type": "string"
          },
          "sBanque": {
            "type": "string"
          },
          "sCle": {
            "type": "string"
          },
          "sCompte": {
            "type": "string"
          },
          "sDomiciliation": {
            "type": "string"
          },
          "sBeneficiaire": {
            "type": "string"
          },
          "sRibeBankCode": {
            "type": "string"
          },
          "sRibeAgen": {
            "type": "string"
          },
          "sRibCtrlInte": {
            "type": "string"
          },
          "sRibCpt1": {
            "type": "string"
          },
          "sRibCpt2": {
            "type": "string"
          },
          "sRibCtrlFin": {
            "type": "string"
          },
          "sRibBic": {
            "type": "string"
          },
          "sRibBankNom": {
            "type": "string"
          },
          "sRibBankAdress": {
            "type": "string"
          },
          "sRibIban": {
            "type": "string"
          },
          "sRibBicIntermediaire": {
            "type": "string"
          },
          "sRibBicCouverture": {
            "type": "string"
          },
          "sRibBankIntermediaireNom": {
            "type": "string"
          },
          "sRibBankIntermediaireNomAdress": {
            "type": "string"
          },
          "sRibeCptBankBenefChezBankIntermediaire": {
            "type": "string"
          },
          "sRibeBankCouvertureNom": {
            "type": "string"
          },
          "sRibeBankCouvertureNomAdre": {
            "type": "string"
          },
          "sRibeCptBankInterChezBankCouverture": {
            "type": "string"
          }
        }
      },
      "ReqUpdateCspLanguage": {
        "type": "object",
        "required": [
          "csp",
          "language"
        ],
        "properties": {
          "csp": {
            "type": "string"
          },
          "language": {
            "type": "string"
          }
        }
      },
      "ResultStatus": {
        "type": "object",
        "properties": {
          "status": {
            "type": "string"
          }
        }
      },
      "Payload": {
        "type": "object",
        "properties": {
          "payload": {
            "type": "string"
          }
        }
      }
    },
    "securitySchemes": {
      "bearerAuth": {
        "type": "http",
        "scheme": "bearer",
        "bearerFormat": "jwt"
      }
    }
  },
  "security": [
    {
      "bearerAuth": []
    }
  ]
}