 {
    "pasCotation":[
       {
          "tickSize":20,
          "tranMin":0,
          "tranMax":0.1,
          "eche":0.0005
       },
       {
          "tickSize":20,
          "tranMin":0.1,
          "tranMax":0.2,
          "eche":0.001
       },
       {
          "tickSize":20,
          "tranMin":0.2,
          "tranMax":0.5,
          "eche":0.002
       },
       {
          "tickSize":20,
          "tranMin":0.5,
          "tranMax":1,
          "eche":0.005
       },
       {
          "tickSize":20,
          "tranMin":1,
          "tranMax":2,
          "eche":0.01
       },
       {
          "tickSize":20,
          "tranMin":2,
          "tranMax":5,
          "eche":0.02
       },
       {
          "tickSize":20,
          "tranMin":5,
          "tranMax":10,
          "eche":0.05
       },
       {
          "tickSize":20,
          "tranMin":10,
          "tranMax":20,
          "eche":0.1
       },
       {
          "tickSize":20,
          "tranMin":20,
          "tranMax":50,
          "eche":0.2
       },
       {
          "tickSize":20,
          "tranMin":50,
          "tranMax":100,
          "eche":0.5
       },
       {
          "tickSize":20,
          "tranMin":100,
          "tranMax":200,
          "eche":1
       },
       {
          "tickSize":20,
          "tranMin":200,
          "tranMax":500,
          "eche":2
       },
       {
          "tickSize":20,
          "tranMin":500,
          "tranMax":1000,
          "eche":5
       },
       {
          "tickSize":20,
          "tranMin":1000,
          "tranMax":2000,
          "eche":10
       },
       {
          "tickSize":20,
          "tranMin":2000,
          "tranMax":5000,
          "eche":20
       },
       {
          "tickSize":20,
          "tranMin":5000,
          "tranMax":10000,
          "eche":50
       },
       {
          "tickSize":20,
          "tranMin":10000,
          "tranMax":20000,
          "eche":100
       },
       {
          "tickSize":20,
          "tranMin":20000,
          "tranMax":50000,
          "eche":200
       }
       
    ],
    
    "bareme":[
       {
          "idextBarcomms":"BCC028",
          "emetIden":570,
          "baremeWeb":"O",
          "amount0D":0,
          "amount1D":0,
          "percent0D":1,
          "percent1D":0,
          "mtMinD":25,
          "mtMaxD":0
       }
    ]
 }