{
  "titres.plans.droits": [
    {
      "natureJuridique": "S",
      "libePlan": "Plan D Options D Achat Abc Arbitrage Du 22/05/2006 - S01",
      "valeIdenPlan": "SO0122052006",
      "regptAvoir": 0,
      "rubCompta": 1160,
      "nbActionDispo": 15294,
      "categorie": "DISPO",
      "qualificatif": "S01",
      "prixAcquisition": 0.0,
      "dateDispo": "2012-06-04",
      "dateLevee": "2010-06-04"
    },
    {
      "natureJuridique": "S",
      "libePlan": "Plan D Options D Achat Abc Arbitrage Du 22/05/2006 - S01",
      "valeIdenPlan": "SO0122052006",
      "regptAvoir": 0,
      "rubCompta": 1160,
      "nbActionDispo": 30877,
      "categorie": "DISPO",
      "qualificatif": "S01",
      "prixAcquisition": 0.0,
      "dateDispo": "2012-06-15",
      "dateLevee": "2010-06-15"
    },
    {
      "natureJuridique": "S",
      "libePlan": null,
      "valeIdenPlan": null,
      "regptAvoir": 0,
      "rubCompta": 1165,
      "nbActionDispo": 538,
      "categorie": "DISPO",
      "qualificatif": null,
      "prixAcquisition": 5.7,
      "dateDispo": "2015-06-12",
      "dateLevee": null
    },
    {
      "natureJuridique": "S",
      "libePlan": null,
      "valeIdenPlan": null,
      "regptAvoir": 0,
      "rubCompta": 1165,
      "nbActionDispo": 2993,
      "categorie": "DISPO",
      "qualificatif": null,
      "prixAcquisition": 0.0,
      "dateDispo": "2015-06-12",
      "dateLevee": null
    },
    {
      "natureJuridique": "S",
      "libePlan": null,
      "valeIdenPlan": null,
      "regptAvoir": 0,
      "rubCompta": 1165,
      "nbActionDispo": 194,
      "categorie": "DISPO",
      "qualificatif": null,
      "prixAcquisition": 5.7,
      "dateDispo": "2021-06-24",
      "dateLevee": null
    },
    {
      "natureJuridique": "S",
      "libePlan": "Déblocage Anticipé Avoirs PEE",
      "valeIdenPlan": null,
      "regptAvoir": 0,
      "rubCompta": 1165,
      "nbActionDispo": 5523,
      "categorie": "DISPO",
      "qualificatif": "PEEDEAN2",
      "prixAcquisition": 6.3,
      "dateDispo": "2021-06-24",
      "dateLevee": "2016-06-23"
    },
    {
      "natureJuridique": "S",
      "libePlan": null,
      "valeIdenPlan": null,
      "regptAvoir": 0,
      "rubCompta": 1165,
      "nbActionDispo": 67706,
      "categorie": "DISPO",
      "qualificatif": null,
      "prixAcquisition": 6.1223,
      "dateDispo": "2015-06-18",
      "dateLevee": null
    },
    {
      "natureJuridique": "S",
      "libePlan": null,
      "valeIdenPlan": null,
      "regptAvoir": 0,
      "rubCompta": 1165,
      "nbActionDispo": 637,
      "categorie": "DISPO",
      "qualificatif": null,
      "prixAcquisition": 4.42,
      "dateDispo": "2015-06-12",
      "dateLevee": null
    },
    {
      "natureJuridique": "S",
      "libePlan": null,
      "valeIdenPlan": null,
      "regptAvoir": 0,
      "rubCompta": 1165,
      "nbActionDispo": 633,
      "categorie": "DISPO",
      "qualificatif": null,
      "prixAcquisition": 4.65,
      "dateDispo": "2015-06-12",
      "dateLevee": null
    },
    {
      "natureJuridique": "S",
      "libePlan": "PEE2DEAN",
      "valeIdenPlan": null,
      "regptAvoir": 0,
      "rubCompta": 1165,
      "nbActionDispo": 11103,
      "categorie": "DISPO",
      "qualificatif": "PEE2DEAN",
      "prixAcquisition": 2.46,
      "dateDispo": "2015-06-12",
      "dateLevee": "2010-06-11"
    }
  ],
  "titres.plans.salaries": [
    {
      "natureJuridique": "P",
      "libePlan": "PLAN EPARGNE ENTREPRISE",
      "valeIdenPlan": null,
      "regptAvoir": 0,
      "rubCompta": 1199,
      "nbActionDispo": 186,
      "categorie": "DISPO",
      "qualificatif": "PEE",
      "prixAcquisition": 5.7,
      "dateDispo": "2018-12-31",
      "dateLevee": null
    },
    {
      "natureJuridique": "P",
      "libePlan": "PLAN EPARGNE ENTREPRISE",
      "valeIdenPlan": null,
      "regptAvoir": 0,
      "rubCompta": 1199,
      "nbActionDispo": 394,
      "categorie": "DISPO",
      "qualificatif": "PEE",
      "prixAcquisition": 5.7,
      "dateDispo": "2016-07-08",
      "dateLevee": null
    },
    {
      "natureJuridique": "P",
      "libePlan": "PLAN EPARGNE ENTREPRISE",
      "valeIdenPlan": null,
      "regptAvoir": 0,
      "rubCompta": 1199,
      "nbActionDispo": 218,
      "categorie": "DISPO",
      "qualificatif": "PEE",
      "prixAcquisition": 4.65,
      "dateDispo": "2018-12-31",
      "dateLevee": null
    },
    {
      "natureJuridique": "P",
      "libePlan": null,
      "valeIdenPlan": null,
      "regptAvoir": 0,
      "rubCompta": 1199,
      "nbActionDispo": 58,
      "categorie": "DISPO",
      "qualificatif": null,
      "prixAcquisition": 0.0,
      "dateDispo": "2015-12-06",
      "dateLevee": null
    },
    {
      "natureJuridique": "P",
      "libePlan": "PEE ABONDEMENT",
      "valeIdenPlan": null,
      "regptAvoir": 0,
      "rubCompta": 1199,
      "nbActionDispo": 659,
      "categorie": "DISPO",
      "qualificatif": "PEE4ABD",
      "prixAcquisition": 6.97,
      "dateDispo": "2015-12-06",
      "dateLevee": null
    },
    {
      "natureJuridique": "P",
      "libePlan": "PEE INTERESSEMENT",
      "valeIdenPlan": null,
      "regptAvoir": 0,
      "rubCompta": 1199,
      "nbActionDispo": 1431,
      "categorie": "DISPO",
      "qualificatif": "PEE2INT",
      "prixAcquisition": 5.26,
      "dateDispo": "2017-07-31",
      "dateLevee": null
    },
    {
      "natureJuridique": "P",
      "libePlan": "PLAN EPARGNE ENTREPRISE",
      "valeIdenPlan": null,
      "regptAvoir": 0,
      "rubCompta": 1199,
      "nbActionDispo": 269,
      "categorie": "DISPO",
      "qualificatif": "PEE",
      "prixAcquisition": 4.65,
      "dateDispo": "2017-07-31",
      "dateLevee": null
    },
    {
      "natureJuridique": "P",
      "libePlan": "PLAN EPARGNE ENTREPRISE",
      "valeIdenPlan": null,
      "regptAvoir": 0,
      "rubCompta": 1199,
      "nbActionDispo": 467,
      "categorie": "DISPO",
      "qualificatif": "PEE",
      "prixAcquisition": 4.42,
      "dateDispo": "2016-07-08",
      "dateLevee": null
    },
    {
      "natureJuridique": "P",
      "libePlan": "PEE INTERESSEMENT",
      "valeIdenPlan": null,
      "regptAvoir": 0,
      "rubCompta": 1199,
      "nbActionDispo": 4675,
      "categorie": "DISPO",
      "qualificatif": "PEE2INT",
      "prixAcquisition": 4.04,
      "dateDispo": "2018-12-31",
      "dateLevee": null
    },
    {
      "natureJuridique": "P",
      "libePlan": "PLAN EPARGNE ENTREPRISE",
      "valeIdenPlan": null,
      "regptAvoir": 0,
      "rubCompta": 1199,
      "nbActionDispo": 8070,
      "categorie": "DISPO",
      "qualificatif": "PEE",
      "prixAcquisition": 5.77,
      "dateDispo": "2016-07-08",
      "dateLevee": null
    },
    {
      "natureJuridique": "P",
      "libePlan": "PLAN EPARGNE ENTREPRISE",
      "valeIdenPlan": null,
      "regptAvoir": 0,
      "rubCompta": 1199,
      "nbActionDispo": 4292,
      "categorie": "DISPO",
      "qualificatif": "PEE",
      "prixAcquisition": 5.26,
      "dateDispo": "2017-07-31",
      "dateLevee": null
    },
    {
      "natureJuridique": "P",
      "libePlan": "PEE INTERESSEMENT",
      "valeIdenPlan": null,
      "regptAvoir": 0,
      "rubCompta": 1199,
      "nbActionDispo": 1163,
      "categorie": "DISPO",
      "qualificatif": "PEE2INT",
      "prixAcquisition": 5.77,
      "dateDispo": "2016-07-08",
      "dateLevee": null
    },
    {
      "natureJuridique": "P",
      "libePlan": null,
      "valeIdenPlan": null,
      "regptAvoir": 0,
      "rubCompta": 1199,
      "nbActionDispo": 241,
      "categorie": "DISPO",
      "qualificatif": null,
      "prixAcquisition": 0.0,
      "dateDispo": "2017-07-31",
      "dateLevee": null
    },
    {
      "natureJuridique": "P",
      "libePlan": "PLAN EPARGNE ENTREPRISE",
      "valeIdenPlan": null,
      "regptAvoir": 0,
      "rubCompta": 1199,
      "nbActionDispo": 463,
      "categorie": "DISPO",
      "qualificatif": "PEE",
      "prixAcquisition": 4.65,
      "dateDispo": "2016-07-08",
      "dateLevee": null
    },
    {
      "natureJuridique": "P",
      "libePlan": "PLAN EPARGNE ENTREPRISE",
      "valeIdenPlan": null,
      "regptAvoir": 0,
      "rubCompta": 1199,
      "nbActionDispo": 228,
      "categorie": "DISPO",
      "qualificatif": "PEE",
      "prixAcquisition": 5.7,
      "dateDispo": "2017-07-31",
      "dateLevee": null
    },
    {
      "natureJuridique": "P",
      "libePlan": null,
      "valeIdenPlan": null,
      "regptAvoir": 0,
      "rubCompta": 1199,
      "nbActionDispo": 416,
      "categorie": "DISPO",
      "qualificatif": null,
      "prixAcquisition": 0.0,
      "dateDispo": "2016-07-08",
      "dateLevee": null
    },
    {
      "natureJuridique": "P",
      "libePlan": "PLAN EPARGNE ENTREPRISE",
      "valeIdenPlan": null,
      "regptAvoir": 0,
      "rubCompta": 1199,
      "nbActionDispo": 269,
      "categorie": "DISPO",
      "qualificatif": "PEE",
      "prixAcquisition": 4.42,
      "dateDispo": "2017-07-31",
      "dateLevee": null
    },
    {
      "natureJuridique": "P",
      "libePlan": "PLAN EPARGNE ENTREPRISE",
      "valeIdenPlan": null,
      "regptAvoir": 0,
      "rubCompta": 1199,
      "nbActionDispo": 220,
      "categorie": "DISPO",
      "qualificatif": "PEE",
      "prixAcquisition": 4.42,
      "dateDispo": "2018-12-31",
      "dateLevee": null
    },
    {
      "natureJuridique": "P",
      "libePlan": "PLAN EPARGNE ENTREPRISE",
      "valeIdenPlan": null,
      "regptAvoir": 0,
      "rubCompta": 1199,
      "nbActionDispo": 64,
      "categorie": "DISPO",
      "qualificatif": "PEE",
      "prixAcquisition": 4.65,
      "dateDispo": "2015-12-06",
      "dateLevee": null
    },
    {
      "natureJuridique": "P",
      "libePlan": "PLAN EPARGNE ENTREPRISE",
      "valeIdenPlan": null,
      "regptAvoir": 0,
      "rubCompta": 1199,
      "nbActionDispo": 55,
      "categorie": "DISPO",
      "qualificatif": "PEE",
      "prixAcquisition": 5.7,
      "dateDispo": "2015-12-06",
      "dateLevee": null
    },
    {
      "natureJuridique": "P",
      "libePlan": "PEE ABONDEMENT",
      "valeIdenPlan": null,
      "regptAvoir": 0,
      "rubCompta": 1199,
      "nbActionDispo": 651,
      "categorie": "DISPO",
      "qualificatif": "PEE4ABD",
      "prixAcquisition": 7.2,
      "dateDispo": "2016-07-08",
      "dateLevee": null
    },
    {
      "natureJuridique": "P",
      "libePlan": "PEE INTERESSEMENT",
      "valeIdenPlan": null,
      "regptAvoir": 0,
      "rubCompta": 1199,
      "nbActionDispo": 711,
      "categorie": "DISPO",
      "qualificatif": "PEE2INT",
      "prixAcquisition": 5.45,
      "dateDispo": "2015-12-06",
      "dateLevee": null
    },
    {
      "natureJuridique": "P",
      "libePlan": null,
      "valeIdenPlan": null,
      "regptAvoir": 0,
      "rubCompta": 1199,
      "nbActionDispo": 196,
      "categorie": "DISPO",
      "qualificatif": null,
      "prixAcquisition": 0.0,
      "dateDispo": "2018-12-31",
      "dateLevee": null
    },
    {
      "natureJuridique": "P",
      "libePlan": "PLAN EPARGNE ENTREPRISE",
      "valeIdenPlan": null,
      "regptAvoir": 0,
      "rubCompta": 1199,
      "nbActionDispo": 64,
      "categorie": "DISPO",
      "qualificatif": "PEE",
      "prixAcquisition": 4.42,
      "dateDispo": "2015-12-06",
      "dateLevee": null
    }
  ],
  "titres.paga": [
    {
      "natureJuridique": "G",
      "libePlan": "Paga 1 Abc Arbitrage Du 12/05/2015 - AAG13",
      "valeIdenPlan": "SAAG13120515",
      "regptAvoir": 0,
      "rubCompta": 1176,
      "nbActionDispo": 16000,
      "categorie": "DISPO",
      "qualificatif": "AAG13",
      "prixAcquisition": 6.46,
      "dateDispo": "2019-05-23",
      "dateLevee": null
    },
    {
      "natureJuridique": "G",
      "libePlan": "Droits De Creance Du 22/05/2006 - AAG03",
      "valeIdenPlan": "AAAG03220506",
      "regptAvoir": 0,
      "rubCompta": 1176,
      "nbActionDispo": 100000,
      "categorie": "DISPO",
      "qualificatif": "AAG03",
      "prixAcquisition": 4.68,
      "dateDispo": "2010-05-22",
      "dateLevee": null
    },
    {
      "natureJuridique": "G",
      "libePlan": "Paga 1 Abc Arbitrage Du 14/05/2014 - AAG11",
      "valeIdenPlan": "SAAG11140516",
      "regptAvoir": 0,
      "rubCompta": 1176,
      "nbActionDispo": 8172,
      "categorie": "DISPO",
      "qualificatif": "AAG11",
      "prixAcquisition": 6.44,
      "dateDispo": "2018-05-27",
      "dateLevee": null
    },
    {
      "natureJuridique": "G",
      "libePlan": "Paga 2 Abc Arbitrage Du 14/05/2014 - AAG12",
      "valeIdenPlan": "SAAG12140514",
      "regptAvoir": 0,
      "rubCompta": 1176,
      "nbActionDispo": 9383,
      "categorie": "DISPO",
      "qualificatif": "AAG12",
      "prixAcquisition": 6.23,
      "dateDispo": "2019-04-20",
      "dateLevee": null
    }
  ]
}