{
  "titres": {
    "derniereMaj": "2023-06-20T00:00:00.000Z",
    "qteTotale": 40500,
    "valorisationTotale": 1822500.00,
    "devise": "EUR",
    "details": [
      {
        "natureJuridique": "L",
        "codeLibelle": "positions.titres.l",
        "qte": 18000,
        "valorisation": 411654.80
      },
      {
        "natureJuridique": "S",
        "codeLibelle": "positions.titres.s",
        "qte": 2000,
        "valorisation": 8800
      },
      {
        "natureJuridique": "G",
        "codeLibelle": "positions.titres.g",
        "qte": 200,
        "valorisation": 33689.25
      }
    ]
  },
  "droits": {
    "derniereMaj": "2023-06-18T00:00:00.000Z",
    "qteTotale": 1400,
    "valorisationTotale": 500500.20,
    "devise": "EUR",
    "details": [
      {
        "natureJuridique": "G",
        "codeLibelle": "positions.droits.g",
        "qte": 1400,
        "valorisation": 500500.20
      }
    ]
  },
  "fonds": {
    "derniereMaj": "2023-06-21T00:00:00.000Z",
    "qteTotale": 2500,
    "valorisationTotale": 10500.60,
    "devise": "EUR",
    "details": [
      {
        "natureJuridique": "S",
        "codeLibelle": "positions.fonds.s",
        "qte": 800,
        "valorisation": 24500.20
      },
      {
        "natureJuridique": "L",
        "codeLibelle": "positions.fonds.l",
        "qte": 1400,
        "valorisation": 0
      }
    ]
  }
}