<assembly
		xmlns="http://maven.apache.org/plugins/maven-assembly-plugin/assembly/3.0.0"
  		xmlns:xsi="http://www.w3.org/2001/XMLSchema-instance"
		xsi:schemaLocation="http://maven.apache.org/plugins/maven-assembly-plugin/assembly/3.0.0 http://maven.apache.org/xsd/assembly-3.0.0.xsd">
	
	<id>conf-normal</id>
	<formats>
		<format>zip</format>
	</formats>
	<includeBaseDirectory>false</includeBaseDirectory>
	<fileSets>

		<!-- CONF / qualification -->
		<fileSet>
			<directory>${project.basedir}/src/qal</directory>
			<outputDirectory>qal/UPIRES/main/conf</outputDirectory>
		</fileSet>
		<fileSet>
			<directory>${project.basedir}/src/UPIRES</directory>
			<outputDirectory>qal/UPIRES</outputDirectory>
		</fileSet>

		<!-- CONF / preprod -->
		<fileSet>
			<directory>${project.basedir}/src/ppd</directory>
			<outputDirectory>ppd/UPIRES/main/conf</outputDirectory>
		</fileSet>
		<fileSet>
			<directory>${project.basedir}/src/UPIRES</directory>
			<outputDirectory>ppd/UPIRES</outputDirectory>
		</fileSet>

		<!-- CONF / prod -->
		<fileSet>
			<directory>${project.basedir}/src/prd</directory>
			<outputDirectory>prd/UPIRES/main/conf</outputDirectory>
		</fileSet>
		<fileSet>
			<directory>${project.basedir}/src/UPIRES</directory>
			<outputDirectory>prd/UPIRES</outputDirectory>
		</fileSet>

		<!-- - MANIFEST -->
		<fileSet>
			<includes>
				<include>${project.build.directory}/MANIFEST.MF</include>
			</includes>
			<outputDirectory>META-INF</outputDirectory>
		</fileSet>
	</fileSets>
	<!--<dependencySets>
		<dependencySet>
			<outputDirectory>/</outputDirectory>
			<outputFileNameMapping>${artifact.artifactId}.${artifact.extension}</outputFileNameMapping>
			<useTransitiveDependencies>false</useTransitiveDependencies>
			<scope>runtime</scope>
			<useProjectArtifact>false</useProjectArtifact>
			<unpack>true</unpack>
			<includes>
				<include>
					com.caceis.stc:stc-conf
				</include>
			</includes>
		</dependencySet>

	</dependencySets>-->
</assembly>
