{
  "openapi": "3.0.1",
  "info": {
    "title": "ms-uptevia-investor-resource",
    "description": "Microservice containing Resources APIs for Uptevia Investor",
    "contact": {},
    "version": "1.0"
  },
  "servers": [
    {
      "url": "http://localhost:8080/ms-investor-resource-app/api/v1",
      "description": "local"
    },
    {
      "url": "http://vip-beupi.qual.olisnet.com/ms-investor-resource-app/api/v1",
      "description": "recette"
    },
    {
      "url": "http://vip-beupi.preprod.olisnet.com:10010/ms-investor-resource-app/api/v1",
      "description": "preprod"
    },
    {
      "url": "http://vip-beupi.olisnet.com:10010/ms-investor-resource-app/api/v1",
      "description": "prod"
    }
  ],
  "paths": {
    "/logo": {
      "get": {
        "description": "get logo image, l'url et le display (rediriger vers le site emetteur en cliquant le logo)",
        "operationId": "getLogo",
        "tags": [
          "logo"
        ],
        "responses": {
          "200": {
            "description": "Un logo a été trouvé pour ces parametres",
            "content": {
              "application/json": {
                "schema": {
                  "$ref": "#/components/schemas/Logo"
                }
              }
            }
          },
          "400": {
            "description": "Retour de la procédure stockée incorrect",
            "content": {
              "application/json": {
                "schema": {
                  "$ref": "#/components/schemas/MSExceptionDTO"
                }
              }
            }
          },
          "401": {
            "description": "Utilisateur non autorisé, JWT tokken incorrect",
            "content": {
              "application/json": {
                "schema": {
                  "$ref": "#/components/schemas/MSExceptionDTO"
                }
              }
            }
          },
          "404": {
            "description": "Logo non trouvé pour ces parametres",
            "content": {
              "application/json": {
                "schema": {
                  "$ref": "#/components/schemas/MSExceptionDTO"
                }
              }
            }
          },
          "500": {
            "description": "Erreur d'accès à la requete ou à la base de données",
            "content": {
              "application/json": {
                "schema": {
                  "$ref": "#/components/schemas/MSExceptionDTO"
                }
              }
            }
          }
        }
      }
    },
    "/traduction/{lang}/{themeId}": {
      "get": {
        "description": "get langue traduction",
        "operationId": "getLangue",
        "parameters": [
          {
            "name": "lang",
            "in": "path",
            "description": "langue",
            "required": true,
            "schema": {
              "type": "string"
            }
          },
          {
            "name": "themeId",
            "in": "path",
            "description": "theme id",
            "required": true,
            "schema": {
              "type": "integer",
              "format": "int32"
            }
          }
        ],
        "tags": [
          "traduction"
        ],
        "responses": {
          "200": {
            "description": "une liste de clé et valeur a été trouvé pour ces parametres",
            "content": {
              "application/json": {
                "schema": {
                  "type": "array",
                  "items": {
                    "$ref": "#/components/schemas/Traduction"
                  }
                }
              }
            }
          },
          "400": {
            "description": "Retour de la procédure stockée incorrect",
            "content": {
              "application/json": {
                "schema": {
                  "$ref": "#/components/schemas/MSExceptionDTO"
                }
              }
            }
          },
          "401": {
            "description": "Utilisateur non autorisé, JWT tokken incorrect",
            "content": {
              "application/json": {
                "schema": {
                  "$ref": "#/components/schemas/MSExceptionDTO"
                }
              }
            }
          },
          "404": {
            "description": "traduction non trouvé pour ces parametres",
            "content": {
              "application/json": {
                "schema": {
                  "$ref": "#/components/schemas/MSExceptionDTO"
                }
              }
            }
          },
          "500": {
            "description": "Erreur d'accès à la requete ou à la base de données",
            "content": {
              "application/json": {
                "schema": {
                  "$ref": "#/components/schemas/MSExceptionDTO"
                }
              }
            }
          }
        }
      }
    },
    "/faq": {
      "get": {
        "description": "get FAQ (frequently asked questions)",
        "operationId": "getFAQ",
        "parameters": [
          {
            "name": "piLoggedFaq",
            "in": "query",
            "description": "connecté / non connecté",
            "required": true,
            "schema": {
              "type": "string"
            }
          }
        ],
        "tags": [
          "faqs"
        ],
        "responses": {
          "200": {
            "description": "une liste des FAQ a été trouvé pour ces parametres",
            "content": {
              "application/json": {
                "schema": {
                  "type": "array",
                  "items": {
                    "$ref": "#/components/schemas/FreqAskedQ"
                  }
                }
              }
            }
          },
          "400": {
            "description": "Retour de la procédure stockée incorrect",
            "content": {
              "application/json": {
                "schema": {
                  "$ref": "#/components/schemas/MSExceptionDTO"
                }
              }
            }
          },
          "401": {
            "description": "Utilisateur non autorisé, JWT tokken incorrect",
            "content": {
              "application/json": {
                "schema": {
                  "$ref": "#/components/schemas/MSExceptionDTO"
                }
              }
            }
          },
          "404": {
            "description": "faq non trouvé pour ces parametres",
            "content": {
              "application/json": {
                "schema": {
                  "$ref": "#/components/schemas/MSExceptionDTO"
                }
              }
            }
          },
          "500": {
            "description": "Erreur d'accès à la requete ou à la base de données",
            "content": {
              "application/json": {
                "schema": {
                  "$ref": "#/components/schemas/MSExceptionDTO"
                }
              }
            }
          }
        }
      }
    },
    "/modules": {
      "get": {
        "description": "get List of Modules and sub Modules",
        "operationId": "getModules",
        "tags": [
          "module"
        ],
        "responses": {
          "200": {
            "description": "une liste de Modules a été trouvé pour ce paramétres",
            "content": {
              "application/json": {
                "schema": {
                  "type": "array",
                  "items": {
                    "$ref": "#/components/schemas/Module"
                  }
                }
              }
            }
          },
          "400": {
            "description": "Retour de la procédure stockée incorrect",
            "content": {
              "application/json": {
                "schema": {
                  "$ref": "#/components/schemas/MSExceptionDTO"
                }
              }
            }
          },
          "401": {
            "description": "Utilisateur non autorisé, JWT tokken incorrect",
            "content": {
              "application/json": {
                "schema": {
                  "$ref": "#/components/schemas/MSExceptionDTO"
                }
              }
            }
          },
          "404": {
            "description": "Aucun module non trouvé pour ces parametres",
            "content": {
              "application/json": {
                "schema": {
                  "$ref": "#/components/schemas/MSExceptionDTO"
                }
              }
            }
          },
          "500": {
            "description": "Erreur d'accès à la requete ou à la base de données",
            "content": {
              "application/json": {
                "schema": {
                  "$ref": "#/components/schemas/MSExceptionDTO"
                }
              }
            }
          }
        }
      }
    },
    "/parametreSite": {
      "get": {
        "description": "return parameters of site ",
        "operationId": "getParamsSite",
        "parameters": [
          {
            "name": "emetIden",
            "in": "query",
            "description": "Code Emetteur ",
            "required": true,
            "schema": {
              "type": "integer",
              "format": "int32"
            }
          },
          {
            "name": "paramName",
            "in": "query",
            "description": "nom du parameter",
            "required": true,
            "schema": {
              "type": "string"
            }
          },
          {
            "name": "paramCategory",
            "in": "query",
            "description": "catégorie du parameter",
            "required": false,
            "schema": {
              "type": "string"
            }
          }
        ],
        "tags": [
          "parametreSite"
        ],
        "responses": {
          "200": {
            "description": "une liste de parametrage a été trouvé pour ce paramétres",
            "content": {
              "application/json": {
                "schema": {
                  "$ref": "#/components/schemas/Parametrage"
                }
              }
            }
          },
          "400": {
            "description": "Retour de la procédure stockée incorrect",
            "content": {
              "application/json": {
                "schema": {
                  "$ref": "#/components/schemas/MSExceptionDTO"
                }
              }
            }
          },
          "401": {
            "description": "Utilisateur non autorisé, JWT tokken incorrect",
            "content": {
              "application/json": {
                "schema": {
                  "$ref": "#/components/schemas/MSExceptionDTO"
                }
              }
            }
          },
          "404": {
            "description": "parametrage non trouvé pour ces parametres",
            "content": {
              "application/json": {
                "schema": {
                  "$ref": "#/components/schemas/MSExceptionDTO"
                }
              }
            }
          },
          "500": {
            "description": "Erreur d'accès à la requete ou à la base de données",
            "content": {
              "application/json": {
                "schema": {
                  "$ref": "#/components/schemas/MSExceptionDTO"
                }
              }
            }
          }
        }
      }
    },
    "/langues": {
      "get": {
        "description": "Affiche les Langues de communication de UPI ",
        "operationId": "getLangues",
        "parameters": [
          {
            "name": "codeLangue",
            "in": "query",
            "description": "langues",
            "required": false,
            "schema": {
              "type": "string"
            }
          }
        ],
        "tags": [
          "langues"
        ],
        "responses": {
          "200": {
            "description": "langues trouvées pour ces parametres",
            "content": {
              "application/json": {
                "schema": {
                  "type": "array",
                  "items": {
                    "$ref": "#/components/schemas/Langues"
                  }
                }
              }
            }
          },
          "400": {
            "description": "Retour de la procédure stockée incorrect",
            "content": {
              "application/json": {
                "schema": {
                  "$ref": "#/components/schemas/MSExceptionDTO"
                }
              }
            }
          },
          "401": {
            "description": "Utilisateur non autorisé, JWT tokken incorrect",
            "content": {
              "application/json": {
                "schema": {
                  "$ref": "#/components/schemas/MSExceptionDTO"
                }
              }
            }
          },
          "404": {
            "description": "langues non trouvé pour ces parametres",
            "content": {
              "application/json": {
                "schema": {
                  "$ref": "#/components/schemas/MSExceptionDTO"
                }
              }
            }
          },
          "500": {
            "description": "Erreur d'accès à la requete ou à la base de données",
            "content": {
              "application/json": {
                "schema": {
                  "$ref": "#/components/schemas/MSExceptionDTO"
                }
              }
            }
          }
        }
      }
    }
  },
  "components": {
    "schemas": {
      "Logo": {
        "type": "object",
        "properties": {
          "emetIden": {
            "type": "integer",
            "format": "int32"
          },
          "type": {
            "type": "string"
          },
          "format": {
            "type": "string"
          },
          "file": {
            "type": "string",
            "format": "byte"
          },
          "url": {
            "type": "string"
          },
          "display": {
            "type": "boolean"
          }
        }
      },
      "Traduction": {
        "type": "object",
        "properties": {
          "key": {
            "type": "string",
            "description": "la clé de la traduction"
          },
          "libelle": {
            "type": "string",
            "description": "libellé de la traduction"
          }
        }
      },
      "FreqAskedQ": {
        "type": "object",
        "properties": {
          "category": {
            "type": "string"
          },
          "logoNameCategory": {
            "type": "string"
          },
          "qresponses": {
            "type": "array",
            "items": {
              "$ref": "#/components/schemas/DetailsFreqAskedQ"
            }
          }
        }
      },
      "DetailsFreqAskedQ": {
        "type": "object",
        "properties": {
          "keyFaqCategory": {
            "type": "string"
          },
          "logoNameFaqCategory": {
            "type": "string"
          },
          "faqQuestionKey": {
            "type": "string"
          },
          "faqAnswerKey": {
            "type": "string"
          }
        }
      },
      "Module": {
        "type": "object",
        "properties": {
          "showMenu": {
            "type": "boolean"
          },
          "groupeNom": {
            "type": "string",
            "description": "nom du module à afficher"
          },
          "groupeUrl": {
            "type": "string"
          },
          "groupeOrdre": {
            "type": "integer"
          },
          "groupeImgName": {
            "type": "string"
          },
          "sousModule": {
            "type": "array",
            "items": {
              "$ref": "#/components/schemas/SousModules"
            }
          }
        }
      },
      "SousModules": {
        "type": "object",
        "properties": {
          "moduleNom": {
            "type": "string"
          },
          "moduleUrl": {
            "type": "string"
          },
          "moduleOrdre": {
            "type": "integer"
          },
          "moduleImgName": {
            "type": "string"
          },
          "habiliteEmet": {
            "type": "boolean"
          },
          "habiliteActi": {
            "type": "boolean"
          },
          "motifsBlocage": {
            "type": "array",
            "items": {
              "type": "string",
              "description": "Liste des raisons pour lesquelles il ne peut pas acceder"
            }
          }
        }
      },
      "Parametrage": {
        "type": "object",
        "properties": {
          "emetIden": {
            "type": "integer",
            "format": "int32"
          },
          "paramValue": {
            "type": "array",
            "items": {
              "type": "string"
            }
          },
          "paramName": {
            "type": "string"
          }
        }
      },
      "Langues": {
        "type": "object",
        "properties": {
          "langueIso3": {
            "type": "string"
          },
          "langueLibelle": {
            "type": "string"
          },
          "langueOrdre": {
            "type": "string"
          }
        }
      },
      "MSExceptionDTO": {
        "type": "object",
        "properties": {
          "errorCode": {
            "type": "string"
          },
          "errorCodeDetail": {
            "type": "string"
          },
          "message": {
            "type": "string"
          },
          "contextParams": {
            "type": "object"
          }
        }
      }
    }
  }
}