{
  "devise": "EUR",
  "valorisationTotal": 5310525,
  "titresTotal": 419250,
  "droitsVote": 0,
  "titresDispo": 419250,
  "titresIndispo": 0,
  "groupeTitres": [
    {
      "nomGroupe": "titres.plans.droits",
      "valorisationGroupe": 4317500,
      "nbreTitres": 200000,
      "titresDispo": 200000,
      "titresIndispo": 0,
      "listValeurs": [
        {
          "valeIden": "DEMF00998877",
          "valeLibe": "DEMF00998877",
          "dernierCours": 0,
          "listTitres": [
            {
              "disponible": true,
              "quantite": 50000,
              "restriction": "cptetitre.typologie.S",
              "coursAcquisition": 0,
              "coursLevee": 0,
              "prixSouscription": 0,
              "valorisation": 0,
              "categorie": "PUR",
              "admiIden": "0",
              "dateAcquisition": "2019-12-06",
              "dateSouscription": null,
              "dateDispo": null,
              "dateLevee": null
            }
          ]
        },
        {
          "valeIden": "DEMF00230577",
          "valeLibe": "DEMF00230577",
          "dernierCours": 86.35,
          "listTitres": [
            {
              "disponible": true,
              "quantite": 50000,
              "restriction": "cptetitre.typologie.S",
              "coursAcquisition": 0,
              "coursLevee": 0,
              "prixSouscription": 0,
              "valorisation": 4317500,
              "categorie": "SO",
              "admiIden": "0",
              "dateAcquisition": "2011-02-22",
              "dateSouscription": null,
              "dateDispo": "2013-02-22",
              "dateLevee": "2011-02-22"
            }
          ]
        },
        {
          "valeIden": "CP0511130577",
          "valeLibe": "CP0511130577",
          "dernierCours": 0,
          "listTitres": [
            {
              "disponible": true,
              "quantite": 100000,
              "restriction": "cptetitre.typologie.S",
              "coursAcquisition": 0,
              "coursLevee": 0,
              "prixSouscription": 0,
              "valorisation": 0,
              "categorie": "PUR",
              "admiIden": "0",
              "dateAcquisition": "2012-01-01",
              "dateSouscription": null,
              "dateDispo": null,
              "dateLevee": null
            }
          ]
        }
      ]
    },
    {
      "nomGroupe": "titres.nominatifs",
      "valorisationGroupe": 21587.5,
      "nbreTitres": 185500,
      "titresDispo": 185500,
      "titresIndispo": 0,
      "listValeurs": [
        {
          "valeIden": "DEMF00230577",
          "valeLibe": "DEMF00230577",
          "dernierCours": 86.35,
          "listTitres": [
            {
              "disponible": true,
              "quantite": 250,
              "restriction": "cptetitre.typologie.L",
              "coursAcquisition": 5.987654,
              "coursLevee": 5.987654,
              "prixSouscription": 5.987654,
              "valorisation": 21587.5,
              "categorie": "PUR",
              "admiIden": "0",
              "dateAcquisition": "2010-01-01",
              "dateSouscription": null,
              "dateDispo": null,
              "dateLevee": null
            }
          ]
        },
        {
          "valeIden": "DEMF00998877",
          "valeLibe": "DEMF00998877",
          "dernierCours": 0,
          "listTitres": [
            {
              "disponible": true,
              "quantite": 250,
              "restriction": "cptetitre.typologie.L",
              "coursAcquisition": 0,
              "coursLevee": 0,
              "prixSouscription": 0,
              "valorisation": 0,
              "categorie": "PUR",
              "admiIden": "0",
              "dateAcquisition": "2019-12-06",
              "dateSouscription": null,
              "dateDispo": null,
              "dateLevee": null
            }
          ]
        },
        {
          "valeIden": "CP0511130577",
          "valeLibe": "CP0511130577",
          "dernierCours": 0,
          "listTitres": [
            {
              "disponible": true,
              "quantite": 185000,
              "restriction": "cptetitre.typologie.L",
              "coursAcquisition": 0,
              "coursLevee": 0,
              "prixSouscription": 0,
              "valorisation": 0,
              "categorie": "PUR",
              "admiIden": "0",
              "dateAcquisition": "2012-01-01",
              "dateSouscription": null,
              "dateDispo": null,
              "dateLevee": null
            }
          ]
        }
      ]
    },
    {
      "nomGroupe": "titres.paga",
      "valorisationGroupe": 971437.5,
      "nbreTitres": 33750,
      "titresDispo": 33750,
      "titresIndispo": 0,
      "listValeurs": [
        {
          "valeIden": "DEMF00230577",
          "valeLibe": "DEMF00230577",
          "dernierCours": 86.35,
          "listTitres": [
            {
              "disponible": true,
              "quantite": 10000,
              "restriction": "cptetitre.typologie.G",
              "coursAcquisition": 76,
              "coursLevee": 76,
              "prixSouscription": 76,
              "valorisation": 863500,
              "categorie": "PEE",
              "admiIden": "0",
              "dateAcquisition": "2009-04-28",
              "dateSouscription": null,
              "dateDispo": "2011-04-28",
              "dateLevee": null
            },
            {
              "disponible": true,
              "quantite": 1250,
              "restriction": "cptetitre.typologie.G",
              "coursAcquisition": 65,
              "coursLevee": 65,
              "prixSouscription": 65,
              "valorisation": 107937.5,
              "categorie": "PEE",
              "admiIden": "0",
              "dateAcquisition": "2008-03-31",
              "dateSouscription": null,
              "dateDispo": "2010-03-31",
              "dateLevee": null
            }
          ]
        },
        {
          "valeIden": "111111111111",
          "valeLibe": "CP0511130577",
          "dernierCours": 0,
          "listTitres": [
            {
              "disponible": true,
              "quantite": 22500,
              "restriction": "cptetitre.typologie.G",
              "coursAcquisition": 0,
              "coursLevee": 0,
              "prixSouscription": 0,
              "valorisation": 0,
              "categorie": "PEE",
              "admiIden": "0",
              "dateAcquisition": "2012-01-01",
              "dateSouscription": "2012-01-01",
              "dateDispo": "2012-01-01",
              "dateLevee": "2012-01-01"
            }
          ]
        }
      ]
    }
  ]
}