 
 
 {
   "peutVendre": true,
   "motifsBlocage": [],
   "valeursCessibles": [
     {
       "valeIden": "FR0000000001",
       "valeLibe": "Lorem ipsum",
       "valeCours": 150,
       "solde": 1000,
       "repartie": 12,
       "disponible": 1000,
       "indisponible": 0,
       "derogation": 0
     },
     {
       "valeIden": "DEMF00230577",
       "valeLibe": "Lorem ipsum",
       "valeCours": 150,
       "solde": 16,
       "repartie": 0,
       "disponible": 16,
       "indisponible": 0,
       "derogation": 0
     },
     {
       "valeIden": "DEMF00130577",
       "valeLibe": "Lorem ipsum",
       "valeCours": 150,
       "solde": 6895,
       "repartie": 2602,
       "disponible": 6895,
       "indisponible": 0,
       "derogation": 0
     },
     {
       "valeIden": "DEMF00998877",
       "valeLibe": "Lorem ipsum",
       "valeCours": 150,
       "solde": 16,
       "repartie": 0,
       "disponible": 16,
       "indisponible": 0,
       "derogation": 0
     },
     {
       "valeIden": "DEMQS0007510",
       "valeLibe": "Lorem ipsum",
       "valeCours": 150,
       "solde": 117,
       "repartie": 7,
       "disponible": 112,
       "indisponible": 5,
       "derogation": 0
     }
   ]
 }
 